company_name,jse_code,careers_url,careers_status,relevance_note,active,scraping_status,country,source_type
4Sight Holdings,4SI,https://4sight.cloud/careers/,green_verified,direct link lists all vacancies,true,pending,South Africa,JSE
Absa Group,ABG,https://absa.wd3.myworkdayjobs.com/ABSAcareersite,green_confirmed,direct Workday vacancy list,true,pending,South Africa,JSE
Accelerate Property Fund,APF,,grey_none_verified,,false,no_url,South Africa,JSE
Acsion,ACS,,grey_none_verified,,false,no_url,South Africa,JSE
Adcorp Holdings,ADR,https://adcorpgroup.wd3.myworkdayjobs.com/Adcorp-Careers-South-Africa,green_verified,direct Workday vacancy list,true,pending,South Africa,JSE
ADvTECH,ADH,https://advtech.ci.hr/applicant/index.php?controller=Page&name=jobsearch,green_verified,direct ci.hr job search,true,pending,South Africa,JSE
AECI,AFE,https://jobs.aeciworld.com/search/?createNewAlert=false&q=&optionsFacetsDD_location=&optionsFacetsDD_customfield1=&optionsFacetsDD_department=,green_confirmed,direct vacancy search list,true,pending,South Africa,JSE
Afine Investments,ANI,https://www.afineinvestments.com/,amber_company_route,,true,pending,South Africa,JSE
Africa Bitcoin Corporation,BAC,https://africabitcoincorporation.com/,amber_company_route,,true,pending,South Africa,JSE
African & Overseas Enterprises,AON / AOO,,grey_none_verified,,false,no_url,South Africa,JSE
African Dawn Capital,ADW,,grey_none_verified,,false,no_url,South Africa,JSE
African Media Entertainment,AME,,grey_none_verified,,false,no_url,South Africa,JSE
African Rainbow Minerals,ARI,https://www.arm-online.co.za/careers,green_verified,,true,pending,South Africa,JSE
Afrimat,AFT,https://www.afrimat.co.za/about-us/careers/,green_verified,direct careers page,true,pending,South Africa,JSE
AfroCentric Investment Corporation,ACT,,grey_none_verified,,false,no_url,South Africa,JSE
AH-Vest,AHL,,grey_none_verified,,false,no_url,South Africa,JSE
Alaris Holdings,ALH,,grey_none_verified,,false,no_url,South Africa,JSE
Alexander Forbes,AFH,https://peoplefocus.alexanderforbes.com/Careers/Vacancy/HRF_VACANCY_SEARCH_CAREERS_BLOCK.aspx,green_verified,fixed was login page now vacancy search,true,pending,South Africa,JSE
Alphamin Resources,APH,https://www.alphaminresources.com/,amber_company_route,,true,pending,South Africa,JSE
Altron,AEL,https://altron.wd3.myworkdayjobs.com/Altron_Careers,green_verified,direct Workday list,true,pending,South Africa,JSE
Anglo American,AGL,https://www.angloamerican.com/careers/job-opportunities/apply,green_verified,direct job-opportunities list,true,pending,South Africa,JSE
AngloGold Ashanti,ANG,https://careers.anglogoldashanti.com/search/,green_verified,direct SuccessFactors list 86 jobs,true,pending,South Africa,JSE
Anheuser-Busch InBev,ANH,https://www.ab-inbev.com/working-with-us,green_verified,fixed was 404 now working careers page,true,pending,South Africa,JSE
Araxi,AXX,,grey_none_verified,,false,no_url,South Africa,JSE
ArcelorMittal South Africa,ACL,,amber_company_route,,false,no_url,South Africa,JSE
Argent Industrial,ART,,grey_none_verified,,false,no_url,South Africa,JSE
Aspen Pharmacare,APN,https://www.aspenpharma.com/careers/,green_verified,,true,pending,South Africa,JSE
Astral Foods,ARL,https://astral.ci.hr/index.php?controller=Page&name=jobsearch,green_verified,direct ci.hr job search,true,pending,South Africa,JSE
Attacq,ATT,https://vacancies.attacq.co.za/,green_verified,fixed was email now direct vacancy portal,true,pending,South Africa,JSE
Aveng,AEG,https://aveng.erecruit.co/candidateapp/Jobs/Browse.aspx,green_verified,direct eRecruit browse,true,pending,South Africa,JSE
AVI,AVI,https://avi.simplify.hr/,green_verified,direct recruitment portal,true,pending,South Africa,JSE
Balwin Properties,BWN,,amber_company_route,,false,no_url,South Africa,JSE
Bell Equipment,BEL,https://www.bellequipment.com/bell-equipment/careers/,green_verified,,true,pending,South Africa,JSE
BHP,BHG,https://careers.bhp.com/viewalljobs/,green_verified,direct view-all-jobs list,true,pending,South Africa,JSE
Bidcorp,BID,,amber_company_route,,false,no_url,South Africa,JSE
Bidvest,BVT,https://www.bidvest.com/careers/,green_verified,,true,pending,South Africa,JSE
Blue Label Telecoms,BLU,https://bltsjobs.mcidirecthire.com/Vacancy,green_verified,direct vacancy list,true,pending,South Africa,JSE
Bowler Metcalf,BCF,,grey_none_verified,,false,no_url,South Africa,JSE
Boxer Retail,BOX,https://boxer.erecruit.co/candidateapp/jobs/browse/?Source=Boxer%20Website,green_verified,fixed was 404 now direct eRecruit browse,true,pending,South Africa,JSE
Brait,BAT,,amber_company_route,,false,no_url,South Africa,JSE
Brikor,BIK,,grey_none_verified,,false,no_url,South Africa,JSE
Brimstone Investment Corporation,BRN,https://www.brimstone.com/careers,green_verified,,true,pending,South Africa,JSE
Brimstone Investments,BRT,,green_verified,,false,no_url,South Africa,JSE
British American Tobacco,BTI,https://careers.bat.com/en/search-jobs,green_verified,direct search list 278 jobs,true,pending,South Africa,JSE
Burstone Group,BTN,,amber_company_route,,false,no_url,South Africa,JSE
Bytes Technology Group,BYI,https://www.bytes.co.uk/careers,green_verified,,true,pending,South Africa,JSE
CA Sales Holdings,CAA,,grey_none_verified,,false,no_url,South Africa,JSE
Calgro M3 Holdings,CGR,,amber_company_route,,false,no_url,South Africa,JSE
CANAL+,CNP,https://www.canalplusgroup.com/en/join-us,green_verified,,true,pending,South Africa,JSE
Capital Appreciation,CTA,,grey_none_verified,,false,no_url,South Africa,JSE
Capital & Counties Property,CCO,,amber_company_route,,false,no_url,South Africa,JSE
Capitec Bank,CPI,https://careers.capitecbank.co.za/viewalljobs/,green_verified,direct SuccessFactors list,true,pending,South Africa,JSE
Cashbuild,CSB,https://www.careers-page.com/cashbuild-careers,green_verified,direct list 200+ positions,true,pending,South Africa,JSE
Castleview Property Fund,CVW,,grey_none_verified,,false,no_url,South Africa,JSE
Caxton & CTP Publishers and Printers,CAT,,amber_company_route,,false,no_url,South Africa,JSE
Cell C,CCD,https://cellc.com/working-at-cell-c,green_verified,,true,pending,South Africa,JSE
Channel VAS Investments,OPA,,grey_none_verified,,false,no_url,South Africa,JSE
Choppies Enterprises,CHP,,amber_company_route,,false,no_url,South Africa,JSE
Cilo Cybin Holdings,CCC,https://www.cilocybin.com/jobs,green_verified,,true,pending,South Africa,JSE
City Lodge Hotels,CLH,https://careers.clhg.com/vacancy-posting.aspx,green_verified,fixed was 404 now direct vacancy list,true,pending,South Africa,JSE
Clicks Group,CLS,https://careers.clicksgroup.co.za/applicant/index.php,green_verified,fixed was 404 now direct eRecruit list,true,pending,South Africa,JSE
Collins Property Group,CPP,,grey_none_verified,,false,no_url,South Africa,JSE
Combined Motor Holdings,CMH,,amber_company_route,,false,no_url,South Africa,JSE
Compagnie Financière Richemont,CFR,https://careers.richemont.com/en/jobs/,green_verified,direct jobs list 1350 roles,true,pending,South Africa,JSE
Copper 360,CPR,,amber_company_route,,false,no_url,South Africa,JSE
Coronation Fund Managers,CML,https://coronation.erecruit.co/,green_verified,direct eRecruit portal,true,pending,South Africa,JSE
Crookes Brothers,CKS,,amber_company_route,,false,no_url,South Africa,JSE
Datatec,DTC,https://www.datatec.com/careers/,green_verified,⭐ IT / operations,true,pending,South Africa,JSE
Delta Property Fund,DPF,,amber_company_route,Property / facilities,false,no_url,South Africa,JSE
Deutsche Konsum REIT-AG,DKR,,amber_company_route,Property,false,no_url,South Africa,JSE
Dipula Income Fund,DIB / DLI,,amber_company_route,Property / facilities,false,no_url,South Africa,JSE
Dis-Chem Pharmacies,DCP,https://careers.dischem.co.za/,green_verified,⭐ Operations / supply chain,true,pending,South Africa,JSE
Discovery,DSY,https://careers.discovery.co.za/go/All-Jobs/4509301,green_verified,⭐ Operations / analytics,true,pending,South Africa,JSE
DRDGOLD,DRD,https://www.drdgold.com/careers,green_verified,⭐ Mining / processing,true,pending,South Africa,JSE
DRA Global,DRA,https://careers.draglobal.com/dracareers/search/index?all=,green_verified,⭐ Engineering / mining / projects | direct search list,true,pending,South Africa,JSE
Dual-listed / other property issuers,—,,amber_company_route,Property,false,no_url,South Africa,JSE
EOH Holdings,EOH,https://www.eoh.co.za/join-us/vacancies/,green_verified,IT / business operations | direct vacancies page,true,pending,South Africa,JSE
Equites Property Fund,EQU,,amber_company_route,Logistics property,false,no_url,South Africa,JSE
Emira Property Fund,EMI,,amber_company_route,Property / facilities,false,no_url,South Africa,JSE
Ethos Capital,ETO,,amber_company_route,Investment,false,no_url,South Africa,JSE
Exemplar REITail,EXP,,amber_company_route,Retail property,false,no_url,South Africa,JSE
Exxaro Resources,EXX,https://exxaro.erecruit.co/candidateapp/Jobs/Browse,green_verified,⭐⭐⭐ Mining / processing | direct eRecruit list,true,pending,South Africa,JSE
eMedia Holdings,EMH,,amber_company_route,Media,false,no_url,South Africa,JSE
Eastern Platinum,ELR,,amber_company_route,⭐ Mining,false,no_url,South Africa,JSE
Ellies Holdings,ELI,,amber_company_route,Manufacturing / distribution,false,no_url,South Africa,JSE
enX Group,ENX,,amber_company_route,⭐ Industrial / energy,false,no_url,South Africa,JSE
Ethos Mid Market Fund,EMM,,amber_company_route,Investment,false,no_url,South Africa,JSE
Famous Brands,FBR,https://www.pnet.co.za/cmp/en/famous-brands-limited-68096/jobs,green_verified,⭐ Manufacturing / supply chain | direct Pnet listing,true,pending,South Africa,JSE
Fortress REIT,FFB / FFA,,amber_company_route,Property / logistics,false,no_url,South Africa,JSE
Firstrand,FSR,https://firstrand.wd3.myworkdayjobs.com/FRB,green_verified,⭐ Operations / process | direct Workday list,true,pending,South Africa,JSE
Foschini Group,TFG,https://careers.tfg.co.za/,green_verified,Operations / supply chain,true,pending,South Africa,JSE
Fairvest,FFA,,amber_company_route,Property,false,no_url,South Africa,JSE
Freedom Property Fund,FDP,,amber_company_route,Property,false,no_url,South Africa,JSE
Frontier Transport Holdings,FTH,https://frontiertransport.co.za/,green_verified,⭐ Logistics / operations,true,pending,South Africa,JSE
Finbond Group,FGL,,amber_company_route,Financial services,false,no_url,South Africa,JSE
Fortress REIT,FFB,,amber_company_route,Logistics/property,false,no_url,South Africa,JSE
Fortress Income Fund,—,,amber_company_route,Property,false,no_url,South Africa,JSE
Glencore,GLN,https://www.glencore.com/careers,green_verified,⭐⭐⭐ Mining / processing,true,pending,South Africa,JSE
Gold Fields,GFI,https://careers.goldfields.com/search/,green_confirmed,⭐⭐⭐ Mining / processing | direct list 61 jobs,true,pending,South Africa,JSE
Growthpoint Properties,GRT,https://growthpoint.mcidirecthire.com/External/CurrentOpportunities,green_verified,Property / facilities | direct opportunities list,true,pending,South Africa,JSE
Grindrod,GND,https://grindrod.ci.hr/applicant/index.php?controller=Page&name=jobsearch,green_verified,⭐⭐ Logistics / operations | direct ci.hr job search,true,pending,South Africa,JSE
Groupe Canal+,CNP,https://www.canalplusgroup.com/en/join-us,green_verified,Media / technology,true,pending,South Africa,JSE
Gemfields Group,GML,https://www.gemfields.com/careers/,green_verified,⭐ Mining,true,pending,South Africa,JSE
Great Basin Gold,—,,grey_none_verified,Mining,false,no_url,South Africa,JSE
Greenbay Properties,GRP,,amber_company_route,Property,false,no_url,South Africa,JSE
Go Life International,GLI,,grey_none_verified,Health / consumer,false,no_url,South Africa,JSE
Hammerson plc,HMN,,amber_company_route,Property,false,no_url,South Africa,JSE
Harmony Gold Mining,HAR,https://careers.harmony.co.za/,amber_ssl_robots,⭐⭐⭐ Mining / processing | careers.harmony.co.za SSL cert expired + robots disallowed at check time,false,needs_review,South Africa,JSE
Hudaco Industries,HDC,,grey_none_verified,⭐ Industrial / engineering | careers page 404 jobs at subsidiaries only,false,no_url,South Africa,JSE
Hulisani,HUL,,amber_company_route,Energy,false,no_url,South Africa,JSE
Hospitality,HPA,,amber_company_route,Hospitality / property,false,no_url,South Africa,JSE
HomeChoice International,HIL,https://homechoice.simplify.hr/,green_verified,Operations / logistics | direct ATS list,true,pending,South Africa,JSE
Hosken Passenger Logistics & Rail,HPR,https://www.hplr.co.za/,green_verified,⭐⭐⭐ Transport / operations,true,pending,South Africa,JSE
Hyprop Investments,HYP,https://www.hyprop.co.za/careers/,green_verified,Property / facilities,true,pending,South Africa,JSE
Impala Platinum Holdings,IMP,https://www.implats.co.za/careers-listings.php,green_verified,⭐⭐⭐ Mining / processing | fixed 2026-08-11: was /careers/ (404),true,pending,South Africa,JSE
Ingrain SA,,https://ingrainsa.erecruit.co/candidateapp/jobs/browse,green_verified,⭐⭐ Manufacturing / food | direct eRecruit vacancy list,true,pending,South Africa,JSE
Investec,INL / INP,https://careers.investec.co.za/jobs/vacancy/find/results/,green_verified,⭐ Operations / analytics | direct vacancy results,true,pending,South Africa,JSE
Italtile,ITE,https://italtilecareers.ci.hr/applicant/index.php?controller=Page&name=jobsearch,green_verified,Manufacturing / retail | direct ci.hr job search,true,pending,South Africa,JSE
ISA Holdings,ISA,,amber_company_route,Cybersecurity / IT,false,no_url,South Africa,JSE
Insimbi Industrial Holdings,ISB,,amber_company_route,⭐ Industrial / manufacturing,false,no_url,South Africa,JSE
Invicta Holdings,IVT,https://www.invictaholdings.co.za/careers/,green_verified,⭐ Industrial / engineering,true,pending,South Africa,JSE
Intu Properties,ITU,,amber_company_route,Property,false,no_url,South Africa,JSE
Iveri,IVR,,amber_company_route,Technology / payments,false,no_url,South Africa,JSE
Investec Property Fund,IPF,,amber_company_route,Property,false,no_url,South Africa,JSE
JSE Limited,JSE,https://www.jse.co.za/careers/vacancies,green_verified,⭐ Operations / technology / finance | direct vacancies page,true,pending,South Africa,JSE
Jubilee Metals Group,JBL,https://jubileemetalsgroup.com/careers/,green_verified,⭐⭐⭐ Mining / processing,true,pending,South Africa,JSE
Jasco Electronics Holdings,JSC,,grey_none_verified,⭐ Technology / engineering | careers page removed 404,false,no_url,South Africa,JSE
Journey,—,,amber_company_route,Travel / services,false,no_url,South Africa,JSE
KAL Group,KAL,https://kalgroup.simplify.hr/,green_verified,⭐ Operations / supply chain | direct ATS list,true,pending,South Africa,JSE
KAP Limited,KAP,https://www.kap.co.za/careers/,green_verified,⭐⭐⭐ Manufacturing / chemicals / logistics,true,pending,South Africa,JSE
Karooooo,KRO,https://careers.cartrack.co.za/applicant/index.php,green_verified,Technology / operations | direct Cartrack SA list,true,pending,South Africa,JSE
Kibo Energy,KBO,,amber_company_route,⭐ Energy,false,no_url,South Africa,JSE
Kore Potash,KP2,,amber_company_route,⭐ Mining / processing,false,no_url,South Africa,JSE
Kumba Iron Ore,KIO,https://www.angloamericankumba.com/careers/,green_verified,⭐⭐⭐ Mining / processing,true,pending,South Africa,JSE
Kaap Agri,KAL,https://kalgroup.simplify.hr/,green_verified,⭐ Agriculture / operations | rebranded KAL Group direct ATS,true,pending,South Africa,JSE
Labat Africa,LAB,,amber_company_route,Healthcare / technology,false,no_url,South Africa,JSE
Lesaka Technologies,LSK,https://lesakatech.simplify.hr/,green_verified,Technology / operations | direct ATS list,true,pending,South Africa,JSE
Lewis Group,LEW,https://careers.lewisgroup.co.za/,green_verified,Retail / operations | direct job posts,true,pending,South Africa,JSE
Liberty Holdings,LBH,https://www.liberty.co.za/careers,green_verified,Operations / financial services,true,pending,South Africa,JSE
Liberty Two Degrees,L2D,,amber_company_route,Property / facilities,false,no_url,South Africa,JSE
Libstar Holdings,LBR,https://www.libstar.co.za/careers/job-vacancies/,green_verified,⭐⭐⭐ Food manufacturing / supply chain | direct vacancy list,true,pending,South Africa,JSE
Life Healthcare Group,LHC,https://www.lifehealthcare.co.za/careers/vacancies/,green_verified,⭐ Operations / healthcare | direct vacancies list,true,pending,South Africa,JSE
Lighthouse Properties,LTE,,amber_company_route,Property,false,no_url,South Africa,JSE
Lighthouse Capital,—,,amber_company_route,Property,false,no_url,South Africa,JSE
Long4Life,—,,grey_none_verified,—,false,no_url,South Africa,JSE
Mahube Infrastructure,MHB,,amber_company_route,⭐ Energy/infrastructure,false,no_url,South Africa,JSE
Mantengu Group,MTU,,amber_company_route,⭐ Mining/industrial,false,no_url,South Africa,JSE
Marshall Monteagle,MMP,,amber_company_route,Industrial/investment,false,no_url,South Africa,JSE
MAS P.L.C.,MSP,,grey_none_verified,Property | no careers page 404,false,no_url,South Africa,JSE
Master Drilling Group,MDI,https://www.trending-talent.com/home/group/MasterDrillingGroup,green_verified,⭐⭐⭐ Mining/engineering | direct vacancy portal,true,pending,South Africa,JSE
MC Mining,MCZ,https://www.mcmining.co.za/careers/,green_verified,⭐⭐⭐ Mining/operations,true,pending,South Africa,JSE
Merafe Resources,MRF,,grey_none_verified,⭐⭐⭐ Mining/metals | no careers page hiring via Glencore JV,false,no_url,South Africa,JSE
Metair Investments,MTA,https://hesto.ci.hr/applicant/index.php?controller=Page&name=jobsearch,green_verified,⭐⭐⭐ Manufacturing/automotive | fixed was 404 now Hesto subsidiary list,true,pending,South Africa,JSE
Middle East Diamond Resources,MED,,amber_company_route,Mining,false,no_url,South Africa,JSE
Mine Restoration Investments,MRI,,amber_company_route,Environmental/mining,false,no_url,South Africa,JSE
Momentum Group,MTM,https://momentum.erecruit.co/candidateapp/Jobs/Browse,green_verified,⭐ Operations/analytics | direct eRecruit browse,true,pending,South Africa,JSE
Mondi plc,MNP,https://www.mondigroup.com/careers/available-jobs/,green_verified,⭐⭐⭐ Manufacturing/process | direct list 260 jobs,true,pending,South Africa,JSE
Montauk Renewables,MKR,https://www.montaukrenewables.com/careers/,green_verified,⭐ Energy/environment,true,pending,South Africa,JSE
Motus Holdings,MTH,https://motus.simplify.hr/,green_verified,⭐ Operations/automotive | direct vacancy list,true,pending,South Africa,JSE
Mpact,MPT,https://www.mpact.co.za/careers/,green_verified,⭐⭐⭐ Manufacturing/recycling,true,pending,South Africa,JSE
Mr Price Group,MRP,https://fa-etyi-saasfaprod1.fa.ocs.oraclecloud.com/hcmUI/CandidateExperience/en/sites/MrPriceGroupCareers/jobs,green_verified,Retail/supply chain | direct Oracle list 116 jobs,true,pending,South Africa,JSE
MTN Group,MTN,https://group.mtn.com/vacancies/,green_verified,⭐ Technology/operations | direct vacancy list,true,pending,South Africa,JSE
Mustek,MST,https://mustek.simplify.hr/,green_verified,Technology/logistics | direct ATS list,true,pending,South Africa,JSE
Nampak,NPK,https://www.nampak.com/about/careers,green_confirmed,⭐⭐⭐ Manufacturing | fixed was 404 now working careers page,true,pending,South Africa,JSE
Naspers,NPN,https://www.naspers.com/careers/,green_confirmed,Technology/business | link verified 2026-08-11,true,pending,South Africa,JSE
Nedbank Group,NED,https://jobs.nedbank.co.za/search/,green_verified,⭐ Operations/process | direct SuccessFactors list,true,pending,South Africa,JSE
NEPI Rockcastle,NRP,https://nepirockcastle.com/careers/,green_verified,Property,true,pending,South Africa,JSE
Netcare,NTC,https://netcare.wd103.myworkdayjobs.com/Netcareexternal,green_verified,⭐ Operations/healthcare | direct Workday list,true,pending,South Africa,JSE
Net 1 UEPS Technologies,NT1,https://lesakatech.simplify.hr/,green_verified,Technology/operations | renamed Lesaka direct ATS list,true,pending,South Africa,JSE
Northam Platinum Holdings,NPH,https://www.northam.co.za/careers/,green_verified,⭐⭐⭐ Mining/processing,true,pending,South Africa,JSE
Nu-World Holdings,NWL,,amber_company_route,Manufacturing/distribution,false,no_url,South Africa,JSE
Ninety One,NY1,https://externalcareers.ninetyone.com/experienced-hires/,green_verified,Finance/operations | direct careers portal,true,pending,South Africa,JSE
Old Mutual,OMU,https://oldmutual.wd3.myworkdayjobs.com/Old_Mutual_Careers,green_confirmed,⭐ Operations/process | direct Workday list,true,pending,South Africa,JSE
Omnia Holdings,OMN,https://omnia-holdings.careers-page.com/,green_verified,⭐⭐⭐ Chemicals/agriculture | direct ATS list,true,pending,South Africa,JSE
OUTsurance Group,OUT,https://careers.smartrecruiters.com/OUTsurance,green_verified,Operations/analytics | direct SmartRecruiters list,true,pending,South Africa,JSE
Orion Minerals,ORN,https://www.orionminerals.com.au/,amber_company_route,⭐ Mining,true,pending,South Africa,JSE
Oceana Group,OCE,https://oceana.simplify.hr/,green_verified,⭐ Manufacturing/operations | direct ATS list,true,pending,South Africa,JSE
OneLogix,OLG,,amber_company_route,Logistics,false,no_url,South Africa,JSE
Octodec Investments,OCT,,amber_company_route,Property,false,no_url,South Africa,JSE
Oasis Crescent Property Fund,OAS,,amber_company_route,Property,false,no_url,South Africa,JSE
Pan African Resources,PAN,https://www.pnet.co.za/cmp/en/evander-gold-mining-pty-ltd-44228/jobs,green_verified,⭐⭐⭐ Mining / processing | fixed was 404 now Evander subsidiary list,true,pending,South Africa,JSE
PBT Group,PBG,https://www.pbtgroup.co.za/careers/,green_verified,IT / data,true,pending,South Africa,JSE
Pepkor Holdings,PPH,https://www.pepkor.co.za/careers/,green_verified,⭐ Operations / supply chain,true,pending,South Africa,JSE
Pick n Pay Stores,PIK,https://picknpay.wd3.myworkdayjobs.com/PNP_Careers,green_verified,⭐⭐⭐ Retail / supply chain | direct Workday list,true,pending,South Africa,JSE
PPC Limited,PPC,https://ppc.erecruit.co/candidateapp/Jobs/Browse?Source=PPC%20Corporate%20Website,green_verified,⭐⭐⭐ Cement / manufacturing | fixed was 404 now direct eRecruit,true,pending,South Africa,JSE
Premier Group,PMR,https://www.pnet.co.za/cmp/en/premier-fmcg-pty-ltd-59244/jobs,green_verified,⭐⭐⭐ Manufacturing / food | direct Pnet listing,true,pending,South Africa,JSE
Primary Health Properties,PHP,,amber_company_route,Healthcare property,false,no_url,South Africa,JSE
Primeserv Group,PMV,https://primeserv.co.za/careers-at-primeserv/,green_verified,Operations / HR | direct vacancy list,true,pending,South Africa,JSE
Prosus,PRX,https://jobs.eu.lever.co/prosus,green_verified,Technology / operations | direct Lever list,true,pending,South Africa,JSE
PSG Financial Services,KST,https://myfocus.psg.co.za/CareerFocus/Vacancy/HRF_VACANCY_SEARCH_CAREERS_BLOCK.aspx,green_verified,Finance / operations | direct vacancy search 24 jobs,true,pending,South Africa,JSE
Purple Group,PPE,https://purplegrp.com/careers/,green_verified,Technology / fintech | fixed domain direct list,true,pending,South Africa,JSE
Putprop,PPR,,amber_company_route,Property,false,no_url,South Africa,JSE
PowerFleet,PWR,https://careers.powerfleet.com/jobs,green_verified,Technology / logistics | direct list 38 jobs,true,pending,South Africa,JSE
Quantum Foods,QFH,https://quantum.pnet.co.za/applicant/index.php?controller=Page&name=jobsearch,green_verified,⭐⭐⭐ Food / production | direct job search,true,pending,South Africa,JSE
Quilter plc,QLT,https://quilter.wd3.myworkdayjobs.com/External-Career-Site,green_verified,Finance / operations | direct Workday list,true,pending,South Africa,JSE
Rainbow Chicken,RBO,https://trending-talent.com/home/Group/Rainbow,green_verified,⭐⭐⭐ Manufacturing / food | direct list 41 vacancies,true,pending,South Africa,JSE
Rand Merchant Investment Holdings,RMI,https://www.rmicapital.co.za/,green_verified,Investment / operations,true,pending,South Africa,JSE
Raubex Group,RBX,https://raubex.simplify.hr/,green_verified,⭐⭐⭐ Infrastructure / operations | direct vacancy portal,true,pending,South Africa,JSE
RCL Foods,RCL,https://rcl.erecruit.co/,green_verified,⭐⭐⭐⭐ Food manufacturing | direct eRecruit hub,true,pending,South Africa,JSE
Redefine Properties,RDF,https://redefine.simplify.hr/,green_verified,Property / facilities | direct ATS list,true,pending,South Africa,JSE
Reinet Investments,RNI,,amber_company_route,Investment,false,no_url,South Africa,JSE
Remgro,REM,https://www.remgro.com/job-opportunities,green_verified,⭐ Operations / industrial portfolio | direct jobs page,true,pending,South Africa,JSE
Resilient REIT,RES,,amber_company_route,Property,false,no_url,South Africa,JSE
Richemont,CFR,https://careers.richemont.com/en/jobs/,green_verified,Manufacturing / luxury / operations | direct jobs list,true,pending,South Africa,JSE
Rhodes Food Group,RFG,https://www.rfg.com/careers/,green_verified,⭐⭐⭐ Manufacturing / food,true,pending,South Africa,JSE
Renergen,REN,https://www.renergen.co.za/careers/,green_verified,⭐ Energy / process,true,pending,South Africa,JSE
Resource Generation,RSG,,amber_company_route,Resources,false,no_url,South Africa,JSE
Sanlam,SLM,https://careers.sanlamcloud.co.za/search/,green_confirmed,⭐ Operations / analytics | direct SuccessFactors list,true,pending,South Africa,JSE
Santam,SNT,https://www.santam.co.za/careers/explore-jobs/,green_verified,Operations / risk | direct explore-jobs list,true,pending,South Africa,JSE
Sappi,SAP,https://careers.sappi.com/viewalljobs/,green_verified,⭐⭐⭐⭐⭐ Manufacturing / process | direct view-all-jobs,true,pending,South Africa,JSE
Sasol,SOL,https://jobs.sasol.com/search/,green_verified,⭐⭐⭐⭐⭐ Chemicals / energy / process | direct list 65 jobs,true,pending,South Africa,JSE
Sea Harvest,SHG,https://www.seaharvestgroup.co.za/careers/,green_verified,⭐⭐⭐ Food / production,true,pending,South Africa,JSE
Sebata Holdings,SEB,,amber_company_route,Technology,false,no_url,South Africa,JSE
Sephaku Holdings,SEP,,amber_company_route,Cement / investment,false,no_url,South Africa,JSE
Shaftesbury Capital,SHC,https://www.shaftesburycapital.com/careers/,green_verified,Property,true,pending,South Africa,JSE
Shoprite Holdings,SHP,https://shoprite.erecruit.co,green_verified,⭐⭐⭐ Operations / supply chain | fixed was wrong US site now direct eRecruit,true,pending,South Africa,JSE
Sibanye-Stillwater,SSW,https://www.sibanyestillwater.com/careers/,green_verified,⭐⭐⭐⭐⭐ Mining / processing,true,pending,South Africa,JSE
Sirius Real Estate,SRE,https://join.com/companies/siriusfacilities,green_verified,Property | fixed was 404 now direct list Germany,true,pending,South Africa,JSE
South32,S32,https://careers.south32.net/search/,green_verified,⭐⭐⭐⭐⭐ Mining / processing | direct SuccessFactors list,true,pending,South Africa,JSE
South Ocean Holdings,SOH,,amber_company_route,Manufacturing,false,no_url,South Africa,JSE
Southern Palladium,SDL,https://southernpalladium.com/,amber_company_route,⭐⭐⭐ Mining,true,pending,South Africa,JSE
Southern Sun,SSU,https://www.southernsun.com/careers,green_verified,Hospitality / operations,true,pending,South Africa,JSE
Spear REIT,SEA,,amber_company_route,Property,false,no_url,South Africa,JSE
SPAR Group,SPP,https://spar.pnet.co.za/applicant/index.php,green_verified,⭐⭐⭐ Supply chain / distribution | fixed was 404 now direct list,true,pending,South Africa,JSE
Spur Corporation,SUR,https://spurcorporationjobs.mcidirecthire.com/Vacancy,green_verified,Operations / hospitality | direct vacancy list,true,pending,South Africa,JSE
Stadio Holdings,SDO,https://stadio.ac.za/careers-stadio,green_verified,Operations / education | direct vacancy list,true,pending,South Africa,JSE
Standard Bank Group,SBK,https://www.standardbank.com/sbg/standard-bank-group/careers/apply/jobs/view-all-jobs,green_verified,⭐⭐⭐ Operations / process / technology | direct all-jobs list,true,pending,South Africa,JSE
Stor-Age Property REIT,SSS,https://www.pnet.co.za/cmp/en/STOR-AGE-28095/this-company.html,green_verified,Operations / facilities | direct Pnet listing,true,pending,South Africa,JSE
Sun International,SUI,https://suninternationaljobs.mcidirecthire.com/Vacancy,green_verified,⭐ Operations / facilities | direct vacancy list,true,pending,South Africa,JSE
Super Group,SPG,https://www.supergroup.co.za/careers/,green_verified,⭐⭐⭐⭐⭐ Logistics / operations,true,pending,South Africa,JSE
Telkom SA,TKG,https://jobs.telkom.co.za/search/,green_verified,⭐ Operations / technology | direct SuccessFactors list,true,pending,South Africa,JSE
Thungela Resources,TGA,https://careers.smartrecruiters.com/Thungela,green_confirmed,⭐⭐⭐⭐⭐ Mining / operations | direct SmartRecruiters list,true,pending,South Africa,JSE
Tiger Brands,TBS,https://tigerbrands.wd103.myworkdayjobs.com/TigerBrands,green_verified,⭐⭐⭐⭐⭐ FMCG / manufacturing | direct Workday list,true,pending,South Africa,JSE
Truworths,TRU,https://truworths.erecruit.co/candidateapp/Jobs/Browse,green_verified,Retail / supply chain | direct eRecruit list,true,pending,South Africa,JSE
Tsogo Sun,TSG,https://www.tsogosun.com/careers/,green_verified,⭐ Operations / facilities,true,pending,South Africa,JSE
Transaction Capital,TCP,,amber_company_route,Financial / mobility,false,no_url,South Africa,JSE
Transpaco,TPC,,amber_company_route,⭐ Manufacturing / packaging,false,no_url,South Africa,JSE
Trematon Capital,TMT,,amber_company_route,Property/investment,false,no_url,South Africa,JSE
Universal Partners Investments,UPL,,amber_company_route,Investment,false,no_url,South Africa,JSE
Universal Industries / smaller issuers,—,,grey_none_verified,Industrial,false,no_url,South Africa,JSE
Aimia Inc.,AII,,unknown,Aimia official website,false,no_url,South Africa,JSE
Fairvest,FTB/FTA,,unknown,Fairvest official website,false,no_url,South Africa,JSE
Newpark REIT,NRL,,unknown,Newpark official website,false,no_url,South Africa,JSE
Texton Property Fund,TEX,,unknown,⚠️ No verified JSE Texton careers page found,false,no_url,South Africa,JSE
Assura,AHR,,unknown,Assura Careers,false,no_url,South Africa,JSE
Supermarket Income REIT,SRI,,unknown,Supermarket Income REIT official website,false,no_url,South Africa,JSE
Accounting Standards Board,,,none,Official,false,no_url,South Africa,SOE
Agricultural Research Council (ARC),,https://arcjobs.mcidirecthire.com/Vacancy,js,direct vacancy list,true,pending,South Africa,SOE
Air Traffic and Navigation Services (ATNS),,https://atns.ci.hr/applicant/index.php?controller=Page&name=jobsearch,js,Recruitment,true,pending,South Africa,SOE
Airports Company South Africa (ACSA),,https://iaccgs.fa.ocs.oraclecloud.com/hcmUI/CandidateExperience/en/sites/CX_1,js,Careers | /careers returned 404; official portal path unconfirmed,true,pending,South Africa,SOE
Alexkor Limited,,,none,Official fallback,false,no_url,South Africa,SOE
Armaments Corporation of South Africa (ARMSCOR),,https://www.armscor.co.za/working-at-armscor/,static,Official fallback,true,pending,South Africa,SOE
Blind SA,,https://blindsa.org.za/blindsa-vacancies/,static,Official fallback,true,pending,South Africa,SOE
Border Management Authority (BMA),,https://bmajobs.mcidirecthire.com/Vacancy,js,direct vacancy list,true,pending,South Africa,SOE
Brand South Africa,,https://brandsouthafrica.com/vacancies/,static,Vacancies,true,pending,South Africa,SOE
Breede-Gouritz Catchment Management Agency,,,none,Official fallback,false,no_url,South Africa,SOE
Broadband Infraco,,https://infraco.co.za/careers/,portal,Official fallback,true,pending,South Africa,SOE
Broadcasting Complaints Commission of SA,,,none,Official fallback,false,no_url,South Africa,SOE
Cape Town International Airport,,https://iaccgs.fa.ocs.oraclecloud.com/hcmUI/CandidateExperience/en/sites/CX_1,js,ACSA fallback,true,pending,South Africa,SOE
Central Energy Fund (CEF),,https://www.careers.cefgroup.co.za/jobs,portal,Official fallback,true,pending,South Africa,SOE
CCMA,,https://www.ccma.org.za/opportunities/,static,Official fallback,true,pending,South Africa,SOE
Companies and Intellectual Property Commission (CIPC),,https://jobs.mcidirecthire.com/AvailableVacancies/Index?CompanyName=cipc,js,Official fallback,true,pending,South Africa,SOE
Competition Commission,,https://compcomjobs.mcidirecthire.com/Vacancy,js,direct vacancy list,true,pending,South Africa,SOE
Competition Tribunal,,https://www.comptrib.co.za/en/vacancies,static,Official fallback,true,pending,South Africa,SOE
Council for Geoscience,,https://careers.geoscience.org.za/search/,js,direct SuccessFactors list,true,pending,South Africa,SOE
Council for Medical Schemes,,https://www.medicalschemes.co.za/cms-vacancies/,static,Official fallback,true,pending,South Africa,SOE
Council on Higher Education (CHE),,https://www.che.ac.za/about-us/vacancies,static,Vacancies,true,pending,South Africa,SOE
Denel,,https://www.denel.co.za/careers,portal,Official fallback,true,pending,South Africa,SOE
Development Bank of Southern Africa (DBSA),,https://dbsa.erecruit.co/candidateapp/Jobs/Browse.aspx,js,Careers,true,pending,South Africa,SOE
Eskom,,https://eskomcareers.ci.hr/applicant/index.php?controller=Page&name=jobsearch,js,direct ci.hr job search,true,pending,South Africa,SOE
Export Credit Insurance Corporation (ECIC),,,none,Official fallback,false,no_url,South Africa,SOE
Film and Publication Board (FPB),,https://fpb.org.za/careers/,static,Official fallback,true,pending,South Africa,SOE
Financial Sector Conduct Authority (FSCA),,https://fsca.mcidirecthire.com/External/CurrentOpportunities/,js,Official fallback,true,pending,South Africa,SOE
Free State Development Corporation,,https://www.fdc.co.za/index.php/career,static,Official fallback,true,pending,South Africa,SOE
Freedom Park,,https://recruit.freedompark.co.za/vacancies/,js,Official fallback,true,pending,South Africa,SOE
Government Employees Medical Scheme (GEMS),,https://www.pnet.co.za/cmp/en/government-employees-medical-scheme-gems-68413/jobs,static,direct Pnet listing,true,pending,South Africa,SOE
Government Employees Pension Fund (GEPF),,https://www.gepf.co.za/vacancies/,static,Official fallback,true,pending,South Africa,SOE
Health and Welfare SETA (HWSETA),,https://hwseta.simplify.hr/,static,direct simplify.hr list,true,pending,South Africa,SOE
Health Professions Council of SA (HPCSA),,,none,Official fallback,false,no_url,South Africa,SOE
Housing Development Agency (HDA),,https://recruitment.thehda.co.za/,js,Official fallback,true,pending,South Africa,SOE
Human Sciences Research Council (HSRC),,https://hsrc.erecruit.co/candidateapp/jobs/browse,js,Official fallback,true,pending,South Africa,SOE
Independent Development Trust (IDT),,https://idt.org.za/careers/,portal,Official fallback,true,pending,South Africa,SOE
Industrial Development Corporation (IDC),,https://careers.idc.co.za/idc/FO/components/index.html,js,direct recruitment portal,true,pending,South Africa,SOE
Ingonyama Trust Board,,https://www.ingonyamatrust.org.za/careers/,static,Official fallback,true,pending,South Africa,SOE
Institute of People Management (IPM),,,none,Official fallback,false,no_url,South Africa,SOE
Ithala Development Finance Corporation,,https://ithala.co.za/vacancies/,static,Official fallback,true,pending,South Africa,SOE
King Shaka International Airport,,https://iaccgs.fa.ocs.oraclecloud.com/hcmUI/CandidateExperience/en/sites/CX_1,js,ACSA fallback,true,pending,South Africa,SOE
Land Bank,,https://landbank.erecruit.co/candidateapp/jobs/browse,js,direct eRecruit browse,true,pending,South Africa,SOE
Legal Aid South Africa,,https://legal-aid.co.za/vacancies/,static,Vacancies,true,pending,South Africa,SOE
Limpopo Economic Development Enterprise,,https://lieda.co.za/vacancies,static,direct vacancy list,true,pending,South Africa,SOE
Media Development and Diversity Agency (MDDA),,https://www.mdda.org.za/work.html,static,Official fallback,true,pending,South Africa,SOE
Mining Qualifications Authority (MQA),,https://mqa.org.za/?post_type=job_listing,static,Official fallback,true,pending,South Africa,SOE
Mintek,,https://mintek.ci.hr/applicant/index.php?controller=Page&name=jobsearch,js,direct ci.hr job search,true,pending,South Africa,SOE
National Advisory Council on Innovation (NACI),,,none,Official fallback,false,no_url,South Africa,SOE
National Agricultural Marketing Council (NAMC),,https://namc.simplify.hr/,js,Official fallback,true,pending,South Africa,SOE
National Archives and Records Service,,,none,Official fallback,false,no_url,South Africa,SOE
National Arts Council,,https://www.nac.org.za/careers/,static,Official fallback,true,pending,South Africa,SOE
National Consumer Commission,,https://thencc.org.za/category/vacancies/,static,direct vacancy list,true,pending,South Africa,SOE
National Credit Regulator,,https://www.ncr.org.za/index.php/careers,static,Official fallback,true,pending,South Africa,SOE
National Development Agency (NDA),,https://www.nda.org.za/who-we-are/vacancies,static,Official fallback,true,pending,South Africa,SOE
NEDLAC,,https://vacancies.nedlac.org.za/,portal,Official fallback,true,pending,South Africa,SOE
NEMISA,,https://www.nemisa.co.za/vacancies/,static,Official fallback,true,pending,South Africa,SOE
National Empowerment Fund (NEF),,https://nefcareers.ci.hr/?controller=Page&name=jobsearch,js,direct ci.hr job search,true,pending,South Africa,SOE
National Energy Regulator (NERSA),,https://www.nersa.org.za/careers,portal,Official fallback,true,pending,South Africa,SOE
National Film and Video Foundation,,https://www.nfvf.co.za/nfvf-vacancies/,static,Official fallback,true,pending,South Africa,SOE
National Gambling Board,,https://www.ngb.org.za/career-opportunities/current-vacancies/,static,Official fallback,true,pending,South Africa,SOE
National Home Builders Registration Council,,https://www.nhbrc.org.za/vacancies/,static,Official fallback,true,pending,South Africa,SOE
National Housing Finance Corporation,,https://www.nhfc.co.za/careers/vacancies/,static,Official fallback,true,pending,South Africa,SOE
National Lotteries Commission,,https://www.nlcsa.org.za/vacancies/,static,Official fallback,true,pending,South Africa,SOE
National Nuclear Regulator,,https://reliablestaffc.zohorecruit.com/jobs/Careers,js,Official fallback,true,pending,South Africa,SOE
National Student Financial Aid Scheme (NSFAS),,https://www.nsfas.org.za/content/careers.html,static,Official fallback,true,pending,South Africa,SOE
National Youth Development Agency (NYDA),,https://erp.nyda.gov.za/jobs,js,fixed was dead legacy now ATS portal,true,pending,South Africa,SOE
Nelson Mandela Museum,,https://www.nelsonmandelamuseum.org.za/open-vacancies/,static,Official fallback,true,pending,South Africa,SOE
North West Development Corporation,,https://nwdc.co.za/downloads/,static,Official fallback,true,pending,South Africa,SOE
OR Tambo International Airport,,https://iaccgs.fa.ocs.oraclecloud.com/hcmUI/CandidateExperience/en/sites/CX_1,js,ACSA fallback,true,pending,South Africa,SOE
Passenger Rail Agency of South Africa (PRASA),,,none,Official fallback,false,no_url,South Africa,SOE
Perishable Products Export Control Board,,https://iaaqbn.fa.ocs.oraclecloud.com/hcmUI/CandidateExperience/en/sites/CX_1/jobs,js,Official fallback,true,pending,South Africa,SOE
PetroSA,,https://www.petrosarecruitment.co.za/jobs.php,portal,direct browse-jobs list,true,pending,South Africa,SOE
Private Security Industry Regulatory Authority (PSiRA),,https://recruitment.psira.co.za/advertise/,portal,Official fallback,true,pending,South Africa,SOE
Property Practitioners Regulatory Authority,,https://theppra.org.za/careers/,static,Official fallback,true,pending,South Africa,SOE
Public Investment Corporation (PIC),,https://www.pic.gov.za/careers,portal,Official,true,pending,South Africa,SOE
Rand Water,,https://randwater.erecruit.co/candidateapp/jobs/browse,js,Official fallback,true,pending,South Africa,SOE
Road Accident Fund (RAF),,https://careers.raf.co.za/search/,js,direct SuccessFactors list,true,pending,South Africa,SOE
Road Traffic Infringement Agency (RTIA),,https://www.rtia.co.za/vacancies.php,static,Official fallback,true,pending,South Africa,SOE
Road Traffic Management Corporation (RTMC),,https://www.rtmc.co.za/index.php/careers,static,Official fallback,true,pending,South Africa,SOE
Robben Island Museum,,https://www.robben-island.org.za/jobs/,static,Official fallback,true,pending,South Africa,SOE
SASSETA,,https://www.sasseta.org.za/browse-vacancies/,static,Official fallback,true,pending,South Africa,SOE
SENTECH,,https://www.sentech.co.za/careers,static,Official fallback,true,pending,South Africa,SOE
Small Enterprise Finance Agency (SEFA),,https://www.sefa.org.za/vacancies,static,Official fallback,true,pending,South Africa,SOE
SAASTA,,https://www.saasta.ac.za/vacancies/,static,Official fallback,true,pending,South Africa,SOE
South African Airways (SAA),,https://flysaa.erecruit.co/,js,Official fallback,true,pending,South Africa,SOE
South African Broadcasting Corporation (SABC),,https://www.sabc.co.za/sabc/sabc-vacancy-list/,static,Official fallback,true,pending,South Africa,SOE
South African Bureau of Standards (SABS),,https://www.sabs.co.za/careers-at-sabs,static,Official fallback,true,pending,South Africa,SOE
South African Civil Aviation Authority (SACAA),,https://sacaa.mcidirecthire.com/External/CurrentOpportunities,js,Official fallback,true,pending,South Africa,SOE
South African Council for Educators (SACE),,https://www.sace.org.za/pages/careers,static,Official fallback,true,pending,South Africa,SOE
South African Council for Social Service Professions,,https://sacssp.mm3.co.za/Contact/Vacancies,portal,Official fallback,true,pending,South Africa,SOE
South African Diamond and Precious Metals Regulator,,https://www.sadpmr.co.za/careers/,static,Official fallback,true,pending,South Africa,SOE
South African Forestry Company (SAFCOL),,http://www.safcol.co.za/opportunities/careers,static,Official fallback,true,pending,South Africa,SOE
South African Heritage Resources Agency,,https://www.sahra.org.za/careers/,static,Official fallback,true,pending,South Africa,SOE
South African Institute for Drug-Free Sport,,,none,Official fallback,false,no_url,South Africa,SOE
South African Library for the Blind,,https://www.salb.org.za/business-and-corporate/vacancies/,static,fixed was single advert now vacancy list,true,pending,South Africa,SOE
South African Local Government Association (SALGA),,https://www.cvspaces.co.za/CvSpacesHome/CvSpacesHomeIframeIndex?uniqueOrg=f37f3be1-9029-4500-ac21-63639512ff4a,js,direct CVSpaces ATS list,true,pending,South Africa,SOE
South African National Accreditation System (SANAS),,https://hr.sanas.co.za/Careers/Vacancy/HRF_VACANCY_SEARCH_CAREERS_BLOCK.aspx,portal,Official fallback,true,pending,South Africa,SOE
South African National Council for the Blind,,https://sancb.org.za/vacancies/,static,Official fallback,true,pending,South Africa,SOE
South African National Parks (SANParks),,https://www.sanparks.org/corporate/vacancies,static,Vacancies,true,pending,South Africa,SOE
South African National Roads Agency (SANRAL),,https://www.nra.co.za/sanral-careers/list/open-vacancies,static,Official fallback,true,pending,South Africa,SOE
South African Nuclear Energy Corporation (NECSA),,https://necsa.mcidirecthire.com/external/currentopportunities,js,direct mcidirecthire list,true,pending,South Africa,SOE
South African Post Office (SAPO),,,none,Official fallback,false,no_url,South Africa,SOE
South African Qualifications Authority (SAQA),,,none,Official fallback,false,no_url,South Africa,SOE
South African Reserve Bank (SARB),,https://fa-evra-saasfaprod1.fa.ocs.oraclecloud.com/hcmUI/CandidateExperience/en/sites/SARB/jobs,js,Careers,true,pending,South Africa,SOE
South African Social Security Agency (SASSA),,https://www.sassa.gov.za/SitePages/Vacancies-Adverts.aspx,static,Official fallback,true,pending,South Africa,SOE
South African Special Risk Insurance Association (SASRIA),,https://sasria.erecruit.co/candidateapp/Jobs/Browse,js,Official fallback,true,pending,South Africa,SOE
South African State Theatre,,,none,Official fallback,false,no_url,South Africa,SOE
South African Tourism,,https://www.southafrica.net/gl/en/corporate/page/vacancies,static,Official fallback,true,pending,South Africa,SOE
South African Veterinary Council,,https://savc.org.za/available-positions-in-the-professions/,static,Official fallback,true,pending,South Africa,SOE
South African Weather Service (SAWS),,https://www.weathersa.co.za/home/vacancies,js,Official fallback,true,pending,South Africa,SOE
Special Investigating Unit (SIU),,https://www.siu.org.za/careers/,static,Official fallback,true,pending,South Africa,SOE
State Information Technology Agency (SITA),,https://www.sita.co.za/vacancylist,static,Official fallback,true,pending,South Africa,SOE
Tax Ombud,,https://www.taxombud.gov.za/vacancies/,static,Official fallback,true,pending,South Africa,SOE
Technology Innovation Agency (TIA),,https://tia.erecruit.co/candidateapp/jobs/browse,green_verified,direct eRecruit vacancy list,true,pending,South Africa,SOE
Trans-Caledon Tunnel Authority (TCTA),,https://tcta.mcidirecthire.com/default/External/CurrentOpportunities,js,direct mcidirecthire list,true,pending,South Africa,SOE
Transnet,,https://transnettalentportal.csod.com/ux/ats/careersite/1/home,js,Official fallback,true,pending,South Africa,SOE
Transnet National Ports Authority (TNPA),,https://transnettalentportal.csod.com/ux/ats/careersite/1/home,js,direct Transnet talent portal,true,pending,South Africa,SOE
uMngeni-uThukela Water,,https://careers.umgeni.co.za,portal,Official fallback,true,pending,South Africa,SOE
Universal Service and Access Agency of SA (USAASA),,,grey_none_verified,agency being disestablished site offline no vacancy list,false,no_url,South Africa,SOE
Water Research Commission (WRC),,https://www.wrc.org.za/about-us/careers/,static,Official fallback,true,pending,South Africa,SOE
Umalusi,,https://umalusijobs.mcidirecthire.com/Vacancy,js,Official fallback,true,pending,South Africa,SOE
National House of Traditional and Khoisan Leaders,,,none,Official fallback,false,no_url,South Africa,SOE
RNB Properties Ltd,,,grey_none_verified,MSM sole equity listing ticker RNB | no careers page,false,no_url,Lesotho,LSE
Lesana Lesotho,,,grey_none_verified,MSM corporate bond issuer microfinance | no careers page,false,no_url,Lesotho,LSE
Lesotho Electricity Company (LEC),,https://lec.co.ls/careers/,green_verified,Utilities / operations | direct vacancies page,true,pending,Lesotho,SOE
Water and Sewerage Company (WASCO),,https://www.wasco.co.ls/vacancies-2/,green_verified,Utilities / operations | direct vacancies page,true,pending,Lesotho,SOE
Lesotho National Development Corporation (LNDC),,https://lndc.org.ls/resources/vacancies/,green_verified,Development / operations | direct vacancies hub,true,pending,Lesotho,SOE
Revenue Services Lesotho (RSL),,https://www.rsl.org.ls/opportunities-jobs-tenders,green_verified,Public finance | direct jobs page,true,pending,Lesotho,SOE
Central Bank of Lesotho (CBL),,https://centralbankoflesotho.breezy.hr/,green_verified,Finance | direct Breezy ATS list,true,pending,Lesotho,SOE
Lesotho Highlands Development Authority (LHDA),,https://www.lhda.org.ls/home/careers,green_verified,Water / engineering / projects | direct vacancies table,true,pending,Lesotho,SOE
Lesotho Post Bank,,https://careers.lpb.co.ls/,green_verified,Finance | dedicated careers portal,true,pending,Lesotho,SOE
Lesotho Communications Authority (LCA),,https://lca.org.ls/jobs/,amber_company_route,Regulator | jobs page,true,pending,Lesotho,SOE
Lesotho Housing and Land Development Corporation (LHLDC),,https://lesothohousing.org.ls/Jobs/,green_verified,Property / development | direct jobs page,true,pending,Lesotho,SOE
Lesotho Tourism Development Corporation (LTDC),,https://www.visitlesotho.org.ls/careers,green_verified,Tourism | direct careers page,true,pending,Lesotho,SOE
National University of Lesotho (NUL),,https://nul.ls/opportunities/,green_verified,Education | direct vacancies page,true,pending,Lesotho,SOE
Letseng Diamonds,,https://www.letsengdiamonds.co.ls/vacancies/,amber_company_route,Mining | 30pct govt-owned | direct vacancies page,true,pending,Lesotho,SOE
Lerotholi Polytechnic,,https://www.lp.ac.ls/careers/,green_verified,Education / TVET | direct careers page,true,pending,Lesotho,SOE
Lesotho National Broadcasting Service (LNBS),,,grey_none_verified,Media | recruitment via public service no web list,false,no_url,Lesotho,SOE
Lesotho Post Office,,,grey_none_verified,Postal | no web vacancy list,false,no_url,Lesotho,SOE
Royal Eswatini Sugar Corporation (RSSC),,https://career2.successfactors.eu/career?company=theroyalsw,green_verified,ESE-listed | Sugar / manufacturing | direct SuccessFactors list,true,pending,Eswatini,ESE
Nedbank Eswatini,,https://jobs.nedbank.co.za/viewalljobs/,amber_company_route,ESE-listed | Bank | group portal filter Eswatini,true,pending,Eswatini,ESE
First National Bank of Eswatini,,,grey_none_verified,ESE-listed | Bank | applications by email only,false,no_url,Eswatini,ESE
Swaziland Property Investment (SPROP),,,grey_none_verified,ESE-listed | Property investment | no careers page,false,no_url,Eswatini,ESE
Nkonyeni Pre-Cast (NPC),,,grey_none_verified,ESE-listed | Manufacturing | no careers page,false,no_url,Eswatini,ESE
SBC Limited,,,grey_none_verified,ESE-listed | no careers page,false,no_url,Eswatini,ESE
Inala Capital,,,grey_none_verified,ESE-listed | Investment | no careers page,false,no_url,Eswatini,ESE
Greystone Partners,,,grey_none_verified,ESE-listed | Investment | no careers page,false,no_url,Eswatini,ESE
Swaziland Empowerment Limited (SEL),,,grey_none_verified,ESE-listed | Investment | no careers page,false,no_url,Eswatini,ESE
Eswatini Electricity Company (EEC),,https://www.eec.co.sz/vacancies/,green_verified,Utilities | direct vacancies page,true,pending,Eswatini,SOE
Eswatini Water Services Corporation (EWSC),,https://ewscjobs.mcidirecthire.com/Vacancy,green_verified,Utilities | direct mcidirecthire list,true,pending,Eswatini,SOE
Eswatini Revenue Service (ERS),,https://ers.mcidirecthire.com/External/CurrentOpportunities,amber_company_route,Public finance | direct mcidirecthire list,true,pending,Eswatini,SOE
Central Bank of Eswatini (CBE),,https://centralbank.simplify.hr/,green_verified,Finance | direct Simplify.hr list,true,pending,Eswatini,SOE
Eswatini National Provident Fund (ENPF),,https://enpf.co.sz/vacancies/,amber_company_route,Pensions | on-site vacancies page,true,pending,Eswatini,SOE
Public Service Pensions Fund (PSPF),,https://www.pspf.co.sz/vacancies/,amber_company_route,Pensions | on-site vacancies page,true,pending,Eswatini,SOE
Eswatini Development Finance Corporation (FINCORP),,https://www.fincorp.co.sz/vacancies/,amber_company_route,Development finance | on-site vacancies page,true,pending,Eswatini,SOE
Eswatini Bank,,https://ib.swazibank.co.sz/media-centre/vacancies.php,green_verified,Finance | on-site vacancies listing,true,pending,Eswatini,SOE
Eswatini Posts and Telecommunications Corporation (EPTC),,,grey_none_verified,Telecom | no web vacancy page,false,no_url,Eswatini,SOE
University of Eswatini (UNESWA),,https://www.uneswa.ac.sz/administration/vacancies/,green_verified,Education | on-site vacancies listing,true,pending,Eswatini,SOE
Eswatini National Housing Board,,https://ehb.co.sz/vacancies.php,green_verified,Property / housing | direct vacancies list,true,pending,Eswatini,SOE
Eswatini Communications Commission (ESCCOM),,https://www.esccom.org.sz/careers/,amber_company_route,Regulator | careers page,true,pending,Eswatini,SOE
Eswatini Tourism Authority,,https://www.thekingdomofeswatini.com/job-opportunities-at-eta/,green_verified,Tourism | direct vacancies list,true,pending,Eswatini,SOE
Eswatini Environment Authority (EEA),,https://eea.org.sz/vacancies/,amber_company_route,Environment | vacancies page,true,pending,Eswatini,SOE
Eswatini Air,,https://eswatiniair.co.sz/vacancies/,amber_company_route,Aviation | vacancies page,true,pending,Eswatini,SOE
Eswatini Water and Agricultural Development Enterprise (EWADE),,https://www.ewade.co.sz/careers/,amber_company_route,Agriculture / water | careers page,true,pending,Eswatini,SOE
National Maize Corporation (NMC),,https://www.nmc.co.sz/opportunities/,amber_company_route,Agriculture | opportunities page,true,pending,Eswatini,SOE
Eswatini Investment Promotion Authority (EIPA),,https://investeswatini.org.sz/vacancy/,amber_company_route,Investment promotion | vacancy page,true,pending,Eswatini,SOE
Eswatini Railway,,https://eswatinirail.co.sz/opportunities/careers/,green_verified,Transport / logistics | direct careers listing,true,pending,Eswatini,SOE
Eswatini Civil Aviation Authority (ESWACAA),,https://www.eswacaa.co.sz/careers/,amber_company_route,Aviation regulator | careers page,true,pending,Eswatini,SOE
Eswatini Energy Regulatory Authority (ESERA),,https://www.esera.org.sz/media/vacancies/,amber_company_route,Energy regulator | vacancies page,true,pending,Eswatini,SOE
Absa Bank Botswana,,https://absa.wd3.myworkdayjobs.com/ABSAcareersite,amber_company_route,BSE-listed | Bank | group Workday filter Botswana,true,pending,Botswana,BSE
First National Bank Botswana (FNBB),,https://firstrand.wd3.myworkdayjobs.com/FRB,amber_company_route,BSE-listed | Bank | group Workday filter Botswana,true,pending,Botswana,BSE
Standard Chartered Botswana,,https://jobs.standardchartered.com/search-jobs,amber_company_route,BSE-listed | Bank | global ATS filter Botswana,true,pending,Botswana,BSE
Access Bank Botswana,,https://botswanaweb.accessbankplc.com/careers/job-opportunities,amber_company_route,BSE-listed | Bank | careers listing,true,pending,Botswana,BSE
BBS Bank,,https://bbs.mcidirecthire.com/External/CurrentOpportunities,amber_company_route,BSE-listed | Bank | mcidirecthire ATS,true,pending,Botswana,BSE
Botswana Insurance Holdings (BIHL),,https://www.bihl.co.bw/careers,amber_company_route,BSE-listed | Insurance | careers page,true,pending,Botswana,BSE
Letshego Holdings,,https://letshego.seamlesshiring.com/,amber_company_route,BSE-listed | Finance | SeamlessHiring ATS,true,pending,Botswana,BSE
Choppies Enterprises,,https://choppies.jobsoid.com/,green_verified,BSE-listed | Retail | direct Jobsoid ATS,true,pending,Botswana,BSE
Chobe Holdings,,https://www.chobeholdings.co.bw/about-us/careers/,green_verified,BSE-listed | Tourism / hospitality | direct careers list,true,pending,Botswana,BSE
Cresta Marakanelo,,https://www.crestamarakanelo.com/careers,amber_company_route,BSE-listed | Hospitality | careers page,true,pending,Botswana,BSE
G4S Botswana,,https://careers.g4s.com/en/location/botswana-jobs/3072/933860/2,amber_company_route,BSE-listed | Security | ATS Botswana filter,true,pending,Botswana,BSE
Botswana Telecommunications Corporation (BTCL),,https://btc.bw/company/job-openings/,green_verified,BSE-listed state-owned | Telecom | direct job openings,true,pending,Botswana,BSE
Sechaba Brewery Holdings,,,grey_none_verified,BSE-listed | Beverages holding | recruits offline,false,no_url,Botswana,BSE
Sefalana Holdings,,,grey_none_verified,BSE-listed | Retail / distribution | recruits via job boards,false,no_url,Botswana,BSE
Engen Botswana,,,grey_none_verified,BSE-listed | Fuel / energy | no Botswana vacancy page,false,no_url,Botswana,BSE
Lucara Diamond,,,grey_none_verified,BSE-listed | Mining | Karowe roles advertised in press,false,no_url,Botswana,BSE
Minergy,,,grey_none_verified,BSE-listed | Coal / energy | recruits offline,false,no_url,Botswana,BSE
Shumba Energy,,,grey_none_verified,BSE-listed | Energy | recruits offline,false,no_url,Botswana,BSE
Tlou Energy,,,grey_none_verified,BSE-listed | Energy | recruits offline,false,no_url,Botswana,BSE
Seed Co International,,,grey_none_verified,BSE-listed | Agriculture / seed | recruits offline,false,no_url,Botswana,BSE
Botswana Power Corporation (BPC),,https://careers.bpc.bw/,green_verified,Utilities | direct recruitment portal,true,pending,Botswana,SOE
Water Utilities Corporation (WUC),,https://www.wuc.bw/wuc-career/,amber_company_route,Utilities | careers page,true,pending,Botswana,SOE
Botswana Meat Commission (BMC),,https://bmc.bw/maja-a-ikgorosa,amber_company_route,Agriculture / meat | recruitment page,true,pending,Botswana,SOE
Air Botswana,,https://airbotswana.co.bw/careers,green_verified,Aviation | direct vacancies list,true,pending,Botswana,SOE
Botswana Railways,,https://www.botswanarailways.co.bw/careers,green_verified,Transport / logistics | direct careers page,true,pending,Botswana,SOE
Botswana Development Corporation (BDC),,https://www.bdc.bw/careers-intro,amber_company_route,Development finance | careers page,true,pending,Botswana,SOE
Citizen Entrepreneurial Development Agency (CEDA),,https://www.ceda.co.bw/jobs,green_verified,Development finance | direct jobs list,true,pending,Botswana,SOE
Botswana Housing Corporation (BHC),,https://www.bhc.bw/careers,amber_company_route,Property / housing | careers page,true,pending,Botswana,SOE
National Development Bank (NDB),,https://www.ndb.bw/tenders-vacancies,green_verified,Development finance | direct vacancies page,true,pending,Botswana,SOE
Debswana,,https://jobs.debswana.com/,green_verified,Mining | 50pct govt 50pct De Beers | direct SuccessFactors list,true,pending,Botswana,SOE
Botswana Unified Revenue Service (BURS),,https://www.burs.org.bw/index.php/my-services/career-oppportunities,green_verified,Public finance | official vacancies page,true,pending,Botswana,SOE
Bank of Botswana,,https://bankofbotswana.mcidirecthire.com/External/CurrentOpportunities,green_verified,Finance | direct mcidirecthire list,true,pending,Botswana,SOE
Botswana Tourism Organisation (BTO),,https://www.botswanatourism.co.bw/job-opportunities,green_verified,Tourism | direct job-opportunities list,true,pending,Botswana,SOE
Local Enterprise Authority (LEA),,https://www.lea.co.bw/careers,green_verified,Enterprise development | direct careers list,true,pending,Botswana,SOE
Botswana Investment and Trade Centre (BITC),,https://www.gobotswana.com/employment-opportunities-0,amber_company_route,Investment promotion | employment page,true,pending,Botswana,SOE
Botswana Communications Regulatory Authority (BOCRA),,https://www.bocra.org.bw/careers,amber_company_route,Regulator | careers page,true,pending,Botswana,SOE
University of Botswana (UB),,https://www.ub.bw/connect/job-opportunities,green_verified,Education | direct vacancies list 20+ roles,true,pending,Botswana,SOE
Botswana Qualifications Authority (BQA),,https://bqajobs.mcidirecthire.com/,green_verified,Education regulator | direct mcidirecthire list,true,pending,Botswana,SOE
Botswana Savings Bank (BSB),,https://bsb.mcidirecthire.com/External/CurrentOpportunities/,green_verified,Finance | direct mcidirecthire list,true,pending,Botswana,SOE
Botswana International University of Science and Technology (BIUST),,https://www.biust.ac.bw/jobs/,green_verified,Education | direct job openings list,true,pending,Botswana,SOE
Human Resource Development Council (HRDC),,https://www.hrdc.org.bw/vacancies,green_verified,Skills development | direct vacancies list,true,pending,Botswana,SOE
Botswana Oil,,https://botswanaoiljobs.mcidirecthire.com/,amber_company_route,Energy | mcidirecthire ATS,true,pending,Botswana,SOE
Capricorn Group (Bank Windhoek),,https://careers.capricorn.com.na/applicant/index.php?controller=Page&name=jobsearch,green_verified,NSX-listed | Banking group ATS | Bank Windhoek Capricorn,true,pending,Namibia,NSX
FirstRand Namibia (FNB Namibia),,https://firstrand.wd3.myworkdayjobs.com/FRB,green_verified,NSX-listed | Banking | group Workday single access point,true,pending,Namibia,NSX
Letshego Holdings Namibia,,https://www.letshego.com.na/careers,green_verified,NSX-listed | Micro-finance | careers listing,true,pending,Namibia,NSX
Namibia Breweries (NBL),,https://careers.theheinekencompany.com/Namibia/,green_verified,NSX-listed | Beverages | Namibia-filtered jobs list,true,pending,Namibia,NSX
Oryx Properties,,https://oryxprop.com/careers/,green_verified,NSX-listed | Property | current vacancies table,true,pending,Namibia,NSX
Paratus Namibia Holdings,,https://paratus.africa/namibia/vacancy/,green_verified,NSX-listed | Telecoms | live vacancy list,true,pending,Namibia,NSX
Mobile Telecommunications (MTC),,https://fa-euud-saasfaprod1.fa.ocs.oraclecloud.com/hcmUI/CandidateExperience/en/sites/CX_1001/jobs,green_verified,NSX-listed | Mobile telecoms | Oracle Recruiting jobs list,true,pending,Namibia,NSX
Namibia Asset Management (NAM),,https://namasset.com.na/vacancies/,amber_company_route,NSX-listed | Asset management | official vacancies page,true,pending,Namibia,NSX
SBN Holdings (Standard Bank Namibia),,https://www.standardbank.com/sbg/standard-bank-group/careers/apply/jobs/view-all-jobs,amber_company_route,NSX-listed | Banking | group jobs portal,true,pending,Namibia,NSX
Trustco Group Holdings,,https://careers.tgh.na/,amber_company_route,NSX-listed | Diversified | official careers portal,true,pending,Namibia,NSX
Nictus Holdings,,,grey_none_verified,NSX-listed | Holding co | no verified careers page,false,pending,Namibia,NSX
Stimulus Investments,,,grey_none_verified,NSX-listed | Investment holding | no own careers page,false,pending,Namibia,NSX
Tadvest Limited,,,grey_none_verified,NSX-listed | Investment holding | no careers page found,false,pending,Namibia,NSX
Alpha Namibia Industries Renewable Power (ANIREP),,,grey_none_verified,NSX-listed | Renewables | no careers page found,false,pending,Namibia,NSX
Telecom Namibia,,https://www.telecom.na/vacancies,green_verified,SOE | Telecoms | live vacancies list,true,pending,Namibia,SOE
Namibian Ports Authority (Namport),,https://www.namport.com.na/careers/28/,green_verified,SOE | Ports | careers page live listings,true,pending,Namibia,SOE
NamPower,,https://recruitment.nampower.com.na/,green_verified,SOE | Power utility | e-recruitment ATS,true,pending,Namibia,SOE
NamPost,,https://www.nampost.com.na/corporate/vacancies,green_verified,SOE | Postal | official vacancies page,true,pending,Namibia,SOE
Namibia Wildlife Resorts (NWR),,https://www.nwr.com.na/vacancies/,green_verified,SOE | Tourism | live vacancies,true,pending,Namibia,SOE
TransNamib,,https://www.transnamib.com.na/career/,green_verified,SOE | Rail transport | careers page,true,pending,Namibia,SOE
Namibia University of Science and Technology (NUST),,https://nustjobs.mcidirecthire.com/Vacancy,green_verified,SOE | Higher education | MCi ATS,true,pending,Namibia,SOE
Government Institutions Pension Fund (GIPF),,https://gipfjobs.mcidirecthire.com/Vacancy,green_verified,SOE | Pension fund | MCi ATS,true,pending,Namibia,SOE
Meat Corporation of Namibia (Meatco),,https://recruit.meatco.com.na/,green_verified,SOE | Meat processing | ATS job openings,true,pending,Namibia,SOE
Communications Regulatory Authority (CRAN),,https://cranjobs.mcidirecthire.com/,green_verified,SOE | Regulator | MCi ATS,true,pending,Namibia,SOE
Namibia Statistics Agency,,https://recruitment.nsa.org.na/,green_verified,SOE | Statistics | e-recruitment portal,true,pending,Namibia,SOE
Namibian Standards Institution (NSI),,https://www.nsi.com.na/vacancies/,green_verified,SOE | Standards | live vacancies,true,pending,Namibia,SOE
Namdeb,,https://namdeb.com/opportunities/vacancies/,green_verified,SOE | Diamond mining | vacancies page SmartRecruiters,true,pending,Namibia,SOE
Road Fund Administration (RFA),,https://rfanam.com.na/vacancies/,green_verified,SOE | Road funding | official vacancies page,true,pending,Namibia,SOE
Namib Desert Diamonds (NAMDIA),,https://namdia.na/vacancies/,green_verified,SOE | Diamond trading | official vacancies page,true,pending,Namibia,SOE
Namibia Tourism Board,,https://visitnamibia.com.na/recruitment/,green_verified,SOE | Tourism | recruitment page with filters,true,pending,Namibia,SOE
NamWater,,https://www.namwater.com.na/index.php/10-vacancies,amber_company_route,SOE | Water utility | official vacancies page,true,pending,Namibia,SOE
Bank of Namibia,,https://www.bon.com.na/Vacancies.aspx,amber_company_route,SOE | Central bank | careers landing to portal,true,pending,Namibia,SOE
NAMFISA,,https://www.namfisa.com.na/careers/,amber_company_route,SOE | Financial regulator | careers page,true,pending,Namibia,SOE
Namibia Training Authority (NTA),,https://www.nta.com.na/vacancies-portal/,amber_company_route,SOE | Skills training | vacancy portal,true,pending,Namibia,SOE
Electricity Control Board (ECB),,https://www.ecb.org.na/vacancies/,amber_company_route,SOE | Electricity regulator | careers to PE portal,true,pending,Namibia,SOE
Namibia Industrial Development Agency (NIDA),,https://www.nida.com.na/employment/,amber_company_route,SOE | Industrial development | employment page,true,pending,Namibia,SOE
Agricultural Bank of Namibia (Agribank),,https://agribank.com.na/page/vacancies/,amber_company_route,SOE | Development bank | vacancies gateway,true,pending,Namibia,SOE
Roads Authority,,https://www.ra.org.na/vacancies,amber_company_route,SOE | Roads | vacancies page to portal,true,pending,Namibia,SOE
Namibia Airports Company,,,grey_none_verified,SOE | Airports | careers URL unconfirmed no verified page,false,pending,Namibia,SOE
Namibian Broadcasting Corporation (NBC),,,grey_none_verified,SOE | Broadcasting | careers URL unconfirmed,false,pending,Namibia,SOE
Namibia Revenue Agency (NamRA),,,grey_none_verified,SOE | Revenue | vacancies only as PDF adverts,false,pending,Namibia,SOE
University of Namibia (UNAM),,,grey_none_verified,SOE | Higher education | vacancies only as PDF adverts,false,pending,Namibia,SOE
Namibia Institute of Pathology (NIP),,,grey_none_verified,SOE | Health pathology | no careers page found,false,pending,Namibia,SOE
Epangelo Mining,,,grey_none_verified,SOE | Mining | no verified careers page,false,pending,Namibia,SOE
Development Bank of Namibia (DBN),,,grey_none_verified,SOE | Development bank | no careers page found,false,pending,Namibia,SOE
Social Security Commission (SSC),,,grey_none_verified,SOE | Social security | no careers page found,false,pending,Namibia,SOE
Companhia Mocambicana de Hidrocarbonetos (CMH),,https://recrutamento.cmh.co.mz/,green_verified,BVM-listed | Oil and gas | dedicated recruitment portal,true,pending,Mozambique,BVM
Hidroelectrica de Cahora Bassa (HCB),,https://www.hcb.co.mz/recursos-humanos/,amber_company_route,BVM-listed | Hydropower | HR section,true,pending,Mozambique,BVM
Cervejas de Mocambique (CDM),,https://cdm.co.mz/trabalhar-na-cdm/,amber_company_route,BVM-listed | Beverages | careers page AB InBev,true,pending,Mozambique,BVM
Rede Viaria de Mocambique (REVIMO),,https://revimo.co.mz/Concursos.php,amber_company_route,BVM-listed | Roads | concursos page,true,pending,Mozambique,BVM
Empresa Mocambicana de Seguros (EMOSE),,,grey_none_verified,BVM-listed | Insurance | no verified careers page,false,pending,Mozambique,BVM
Tropigalia,,,grey_none_verified,BVM-listed | Distribution | no verified careers page,false,pending,Mozambique,BVM
Touch Publicidade,,,grey_none_verified,BVM-listed | Advertising | no verified careers page,false,pending,Mozambique,BVM
Zero Investimentos,,,grey_none_verified,BVM-listed | Investments | no verified careers page,false,pending,Mozambique,BVM
Arko Seguros,,,grey_none_verified,BVM-listed | Insurance | no verified careers page,false,pending,Mozambique,BVM
2 Business,,,grey_none_verified,BVM-listed | no careers researched,false,pending,Mozambique,BVM
Paytech,,,grey_none_verified,BVM-listed | Fintech | no careers researched,false,pending,Mozambique,BVM
Mozambique Weiyue Internacional (MWIH),,,grey_none_verified,BVM-listed | no careers researched,false,pending,Mozambique,BVM
Zaya Group,,,grey_none_verified,BVM-listed | no careers researched,false,pending,Mozambique,BVM
Trassus,,,grey_none_verified,BVM-listed | no careers researched,false,pending,Mozambique,BVM
RGS Agro,,,grey_none_verified,BVM-listed | Agriculture | no careers researched,false,pending,Mozambique,BVM
Banco de Mocambique,,https://recrutamento.bancomoc.mz/,green_verified,SOE | Central bank | recruitment portal,true,pending,Mozambique,SOE
Universidade Eduardo Mondlane (UEM),,https://carreiras.uem.mz/,green_verified,SOE | University | careers portal,true,pending,Mozambique,SOE
Petromoc,,https://www.petromoc.co.mz/oportunidades/,amber_company_route,SOE | Fuel distribution | opportunities page,true,pending,Mozambique,SOE
Linhas Aereas de Mocambique (LAM),,https://www.lam.co.mz/pt/Sobre-a-LAM/Recrutamento,amber_company_route,SOE | Airline | recruitment page,true,pending,Mozambique,SOE
Electricidade de Mocambique (EDM),,https://www.edm.co.mz/concursos/divulgacoes,amber_company_route,SOE | Power utility | concursos page,true,pending,Mozambique,SOE
Tmcel (Mocambique Telecom),,https://www.tmcel.mz/carreiras/,amber_company_route,SOE | Telecoms | careers page includes former TDM,true,pending,Mozambique,SOE
Autoridade Tributaria de Mocambique (AT),,http://www.at.gov.mz/por/Informacao/Concursos-Publicos,amber_company_route,SOE | Tax authority | public competitions page,true,pending,Mozambique,SOE
Instituto Nacional de Seguranca Social (INSS),,https://www.inss.gov.mz/concursos-publicos/,amber_company_route,SOE | Social security | public competitions page,true,pending,Mozambique,SOE
Administracao Nacional de Estradas (ANE),,https://www.ane.gov.mz/anuncio-de-concursos/,amber_company_route,SOE | Roads authority | announcements page,true,pending,Mozambique,SOE
Empresa Nacional de Hidrocarbonetos (ENH),,,grey_none_verified,SOE | Oil and gas | no verified careers page,false,pending,Mozambique,SOE
Correios de Mocambique,,,grey_none_verified,SOE | Postal | no verified careers page,false,pending,Mozambique,SOE
Aeroportos de Mocambique (ADM),,,grey_none_verified,SOE | Airports | no verified careers page,false,pending,Mozambique,SOE
Fundo de Investimento e Patrimonio do Abastecimento de Agua (FIPAG),,,grey_none_verified,SOE | Water supply | no verified careers page,false,pending,Mozambique,SOE
Radio Mocambique,,,grey_none_verified,SOE | Broadcasting | no verified careers page,false,pending,Mozambique,SOE
Televisao de Mocambique (TVM),,,grey_none_verified,SOE | Broadcasting | no verified careers page,false,pending,Mozambique,SOE
Administracao Nacional das Areas de Conservacao (ANAC),,,grey_none_verified,SOE | Conservation | no verified careers page,false,pending,Mozambique,SOE
Instituto Nacional de Minas (INAMI),,,grey_none_verified,SOE | Mining regulator | no verified careers page,false,pending,Mozambique,SOE
Caminhos de Ferro de Mocambique (CFM),,,grey_none_verified,SOE | Rail and ports | vacancies posted as news only,false,pending,Mozambique,SOE
Delta Corporation,,https://delta.co.zw/vacancies/,green_verified,ZSE-listed | Beverages | vacancies page,true,pending,Zimbabwe,ZSE
Econet Wireless Zimbabwe,,https://recruitment.econet.co.zw/,green_verified,ZSE-listed | Telecoms | recruitment portal,true,pending,Zimbabwe,ZSE
Simbisa Brands,,https://www.simbisajobs.co.zw/,green_verified,VFEX-listed | Fast food | careers portal,true,pending,Zimbabwe,VFEX
Hippo Valley Estates,,https://www.hippovalleyestates.co.zw/careers/,green_verified,ZSE-listed | Sugar | careers page with filters,true,pending,Zimbabwe,ZSE
BAT Zimbabwe,,https://careers.bat.com/en/location/harare-zimbabwe-jobs/1045/878675-1105844/3,green_verified,VFEX-listed | Tobacco | Zimbabwe-filtered ATS,true,pending,Zimbabwe,VFEX
Tanganda Tea,,https://tangandatea.com/careers/,green_verified,VFEX-listed | Tea | careers page by division,true,pending,Zimbabwe,VFEX
Unifreight Africa,,https://www.swift.co.zw/about-swift/careers/,green_verified,ZSE-listed | Logistics | Swift careers with vacancies,true,pending,Zimbabwe,ZSE
FBC Holdings,,https://www.fbc.co.zw/careers/vacancies,amber_company_route,ZSE-listed | Banking | vacancies page,true,pending,Zimbabwe,ZSE
NMB Holdings,,https://nmbz.co.zw/nmb/careers,amber_company_route,ZSE-listed | Banking | careers page,true,pending,Zimbabwe,ZSE
First Capital Bank,,https://www.firstcapitalbank.co.zw/careers/,amber_company_route,ZSE-listed | Banking | careers page,true,pending,Zimbabwe,ZSE
ZB Financial Holdings,,https://www.zb.co.zw/holding/careers/careers,amber_company_route,ZSE-listed | Banking | careers page,true,pending,Zimbabwe,ZSE
Old Mutual Zimbabwe,,https://oldmutual.wd3.myworkdayjobs.com/Old_Mutual_Careers,amber_company_route,ZSE-listed | Financial services | group Workday ATS,true,pending,Zimbabwe,ZSE
First Mutual Holdings,,https://www.firstmutual.co.zw/careers/,amber_company_route,ZSE-listed | Insurance | careers page,true,pending,Zimbabwe,ZSE
National Foods Holdings,,https://nationalfoods.co.zw/careers/,amber_company_route,VFEX-listed | Food | careers page,true,pending,Zimbabwe,VFEX
Star Africa Corporation,,https://www.starafricacorporation.com/current-vacancies/,amber_company_route,ZSE-listed | Sugar | current vacancies page,true,pending,Zimbabwe,ZSE
Dairibord Holdings,,https://dairibord.com/careers/,amber_company_route,ZSE-listed | Dairy | careers page,true,pending,Zimbabwe,ZSE
Bindura Nickel Corporation,,https://binduranickel.co.zw/careers/,amber_company_route,ZSE-listed | Mining | careers page,true,pending,Zimbabwe,ZSE
Seed Co Limited,,https://www.seedcogroup.com/zw/about-us/careers,amber_company_route,ZSE-listed | Agriculture | careers page,true,pending,Zimbabwe,ZSE
EcoCash Holdings,,https://careers.ecocashholdings.co.zw/,amber_company_route,ZSE-listed | Fintech | careers portal,true,pending,Zimbabwe,ZSE
Innscor Africa,,,grey_none_verified,ZSE-listed | Diversified | no verified vacancies list,false,pending,Zimbabwe,ZSE
OK Zimbabwe,,,grey_none_verified,ZSE-listed | Retail | no verified careers page,false,pending,Zimbabwe,ZSE
Meikles Limited,,,grey_none_verified,ZSE-listed | Retail | no verified careers page,false,pending,Zimbabwe,ZSE
CBZ Holdings,,,grey_none_verified,ZSE-listed | Banking | no verified careers page,false,pending,Zimbabwe,ZSE
Ariston Holdings,,,grey_none_verified,ZSE-listed | Agriculture | no verified careers page,false,pending,Zimbabwe,ZSE
Padenga Holdings,,,grey_none_verified,VFEX-listed | Crocodile and gold | no verified careers page,false,pending,Zimbabwe,VFEX
Axia Corporation,,,grey_none_verified,VFEX-listed | Retail | no verified careers page,false,pending,Zimbabwe,VFEX
Proplastics,,,grey_none_verified,ZSE-listed | Plastics | no verified careers page,false,pending,Zimbabwe,ZSE
Zimplow Holdings,,,grey_none_verified,VFEX-listed | Agri equipment | no verified careers page,false,pending,Zimbabwe,VFEX
Turnall Holdings,,,grey_none_verified,ZSE-listed | Building materials | no verified careers page,false,pending,Zimbabwe,ZSE
RioZim,,,grey_none_verified,ZSE-listed | Mining | no verified careers page,false,pending,Zimbabwe,ZSE
Caledonia Mining,,,grey_none_verified,VFEX-listed | Gold mining | does not recruit publicly,false,pending,Zimbabwe,VFEX
Zimre Holdings,,,grey_none_verified,ZSE-listed | Insurance | no verified careers page,false,pending,Zimbabwe,ZSE
Fidelity Life Assurance,,,grey_none_verified,ZSE-listed | Insurance | no verified careers page,false,pending,Zimbabwe,ZSE
Willdale Limited,,,grey_none_verified,ZSE-listed | Bricks | no verified careers page,false,pending,Zimbabwe,ZSE
Zimbabwe Revenue Authority (ZIMRA),,https://www.zimra.co.zw/vacancies,green_verified,SOE | Revenue | vacancies list,true,pending,Zimbabwe,SOE
TelOne,,https://careers.telone.co.zw/,green_verified,SOE | Telecoms | ATS careers portal,true,pending,Zimbabwe,SOE
NetOne,,https://www.netone.co.zw/vacancies,green_verified,SOE | Telecoms | vacancies page,true,pending,Zimbabwe,SOE
ZESA Holdings,,https://www.zesaholdings.co.zw/Careers,green_verified,SOE | Power utility | careers page with filters,true,pending,Zimbabwe,SOE
National Railways of Zimbabwe (NRZ),,https://nrz.co.zw/careers-2/,green_verified,SOE | Rail | careers page with positions,true,pending,Zimbabwe,SOE
Zimbabwe National Road Administration (ZINARA),,https://recruitment-portal.zwzinara.net/jobs/,green_verified,SOE | Roads | recruitment ATS portal,true,pending,Zimbabwe,SOE
Airports Company of Zimbabwe (ACZ),,https://www.acz.co.zw/careers,green_verified,SOE | Airports | vacancies listed,true,pending,Zimbabwe,SOE
Grain Marketing Board (GMB),,https://gmbdura.co.zw/vacancies/,green_verified,SOE | Grain | vacancies list,true,pending,Zimbabwe,SOE
Agricultural and Rural Development Authority (ARDA),,https://www.arda.co.zw/careers.html,green_verified,SOE | Agriculture | active vacancies,true,pending,Zimbabwe,SOE
Minerals Marketing Corporation of Zimbabwe (MMCZ),,https://mmcz.co.zw/careers/,green_verified,SOE | Minerals | careers hub,true,pending,Zimbabwe,SOE
Peoples Own Savings Bank (POSB),,https://www.posb.co.zw/vacancies/,green_verified,SOE | Banking | current vacancies,true,pending,Zimbabwe,SOE
Petrotrade,,https://petrotrade.co.zw/vacancies/,green_verified,SOE | Fuel | vacancies page,true,pending,Zimbabwe,SOE
Zimbabwe Tourism Authority,,https://zimbabwetourism.net/vacancies/,green_verified,SOE | Tourism | vacancies page,true,pending,Zimbabwe,SOE
University of Zimbabwe (UZ),,https://www.uzcareers.co.zw/,green_verified,SOE | University | eRecruitment portal,true,pending,Zimbabwe,SOE
National University of Science and Technology (NUST Zimbabwe),,https://vacancies.nust.ac.zw/,green_verified,SOE | University | recruitment portal,true,pending,Zimbabwe,SOE
Central Mechanical Equipment Department (CMED),,https://cmed.co.zw/job.html,green_verified,SOE | Fleet services | careers page,true,pending,Zimbabwe,SOE
TeleCel Zimbabwe,,https://telecel.co.zw/vacancy/,green_verified,SOE | Telecoms state stake | careers page,true,pending,Zimbabwe,SOE
National Social Security Authority (NSSA),,https://www.nssa.org.zw/careers/,amber_company_route,SOE | Social security | careers page,true,pending,Zimbabwe,SOE
Zimbabwe Power Company (ZPC),,https://zpc.co.zw/careers/,amber_company_route,SOE | Power generation | careers page,true,pending,Zimbabwe,SOE
Zimbabwe National Water Authority (ZINWA),,http://zinwa.co.zw/vacancies/,amber_company_route,SOE | Water | vacancies page,true,pending,Zimbabwe,SOE
Reserve Bank of Zimbabwe (RBZ),,https://www.rbz.co.zw/index.php/financial-markets/nps/2-uncategorised/30-careers,amber_company_route,SOE | Central bank | careers section,true,pending,Zimbabwe,SOE
Air Zimbabwe,,https://www.airzimbabwe.aero/job-vacancies,amber_company_route,SOE | Airline | job vacancies page,true,pending,Zimbabwe,SOE
Civil Aviation Authority of Zimbabwe (CAAZ),,https://www.caaz.co.zw/download-category/careers/,amber_company_route,SOE | Aviation regulator | careers downloads,true,pending,Zimbabwe,SOE
Zimbabwe Broadcasting Corporation (ZBC),,https://www.zbc.co.zw/vacancies/,amber_company_route,SOE | Broadcasting | vacancies page,true,pending,Zimbabwe,SOE
Zimpapers,,https://www.zimpapers.co.zw/careers/,amber_company_route,SOE | Media | careers page,true,pending,Zimbabwe,SOE
Infrastructure Development Bank of Zimbabwe (IDBZ),,https://www.idbz.co.zw/careers/vacancies,amber_company_route,SOE | Development bank | vacancies page,true,pending,Zimbabwe,SOE
National Oil Infrastructure Company (NOIC),,https://www.noic.co.zw/careers/vacancies/,amber_company_route,SOE | Oil infrastructure | vacancies page,true,pending,Zimbabwe,SOE
Zimbabwe Manpower Development Fund (ZIMDEF),,https://zimdef.org.zw/careers/,amber_company_route,SOE | Skills fund | careers page,true,pending,Zimbabwe,SOE
Environmental Management Agency (EMA),,https://www.ema.co.zw/index.php/about-us/careers,amber_company_route,SOE | Environment | careers page,true,pending,Zimbabwe,SOE
Zimbabwe Electricity Transmission and Distribution Company (ZETDC),,,grey_none_verified,SOE | Power distribution | recruits via ZESA portal,false,pending,Zimbabwe,SOE
Zimbabwe Mining Development Corporation (ZMDC),,,grey_none_verified,SOE | Mining | no verified careers page,false,pending,Zimbabwe,SOE
Postal and Telecommunications Regulatory Authority (POTRAZ),,,grey_none_verified,SOE | Telecoms regulator | no verified careers page,false,pending,Zimbabwe,SOE
Cold Storage Company (CSC),,,grey_none_verified,SOE | Meat | no verified careers page,false,pending,Zimbabwe,SOE
ZESCO,,https://careers.zesco.co.zm/,green_verified,SOE | Power utility | careers portal,true,pending,Zambia,SOE
National Pension Scheme Authority (NAPSA),,https://careers.napsa.co.zm/,green_verified,SOE | Pensions | eRecruitment ATS,true,pending,Zambia,SOE
Zambia Railways (ZRL),,https://zrl.com.zm/jobs/,green_verified,SOE | Rail | live jobs list,true,pending,Zambia,SOE
Zambia Airports Corporation (ZACL),,https://www.zacl.co.zm/corporate/careers,green_verified,SOE | Airports | careers page,true,pending,Zambia,SOE
TAZARA,,https://www.tazarasite.com/careers,green_verified,SOE | Rail | careers page,true,pending,Zambia,SOE
Zambia Postal Services (ZamPost),,https://zampost.com.zm/job_vacancies.html,green_verified,SOE | Postal | vacancies page,true,pending,Zambia,SOE
Zambia National Commercial Bank (Zanaco),,https://careers.zanaco.co.zm/,green_verified,SOE | Banking | careers ATS,true,pending,Zambia,SOE
ZCCM Investments Holdings (ZCCM-IH),,https://zccmjobs.mcidirecthire.com/,green_verified,SOE | Mining investments | MCi ATS,true,pending,Zambia,SOE
Road Development Agency (RDA),,https://rda.org.zm/vacancies,green_verified,SOE | Roads | vacancies list,true,pending,Zambia,SOE
National Road Fund Agency (NRFA),,https://nrfa.org.zm/jobs/,green_verified,SOE | Road funding | jobs page,true,pending,Zambia,SOE
University of Zambia (UNZA),,https://www.unza.zm/vacancies,green_verified,SOE | University | vacancies page,true,pending,Zambia,SOE
Workers Compensation Fund Control Board (WCFCB),,https://jobportal.workers.com.zm/vacancies,green_verified,SOE | Compensation fund | job portal,true,pending,Zambia,SOE
Zambia Revenue Authority (ZRA),,https://www.zra.org.zm/careers/,amber_company_route,SOE | Revenue | careers gateway to ATS,true,pending,Zambia,SOE
Bank of Zambia,,https://www.boz.zm/careers/vacancies,amber_company_route,SOE | Central bank | vacancies page,true,pending,Zambia,SOE
Zamtel,,https://vacancies.zamtel.co.zm/,amber_company_route,SOE | Telecoms | careers ATS,true,pending,Zambia,SOE
Development Bank of Zambia (DBZ),,http://www.dbz.co.zm/careers,amber_company_route,SOE | Development bank | careers page,true,pending,Zambia,SOE
ZICTA,,https://www.zicta.zm/jobs,amber_company_route,SOE | ICT regulator | jobs page,true,pending,Zambia,SOE
Lusaka Water and Sanitation (LWSC),,https://www.lwsc.com.zm/vacancy,amber_company_route,SOE | Water | vacancy system,true,pending,Zambia,SOE
Zambia Medicines and Medical Supplies Agency (ZAMMSA),,https://zammsa.co.zm/careers/,amber_company_route,SOE | Medical supplies | careers page,true,pending,Zambia,SOE
Zambia National Building Society (ZNBS),,,grey_none_verified,SOE | Building society | no verified careers page,false,pending,Zambia,SOE
ZNBC (Zambia National Broadcasting),,,grey_none_verified,SOE | Broadcasting | no verified careers page,false,pending,Zambia,SOE
ZAFFICO (Zambia Forestry),,,grey_none_verified,SOE | Forestry | no verified careers page,false,pending,Zambia,SOE
Public Service Recruitment Secretariat (Ajira),,https://www.ajira.go.tz/,green_verified,SOE | Central public-service recruitment portal,true,pending,Tanzania,SOE
Tanzania Revenue Authority (TRA),,https://www.tra.go.tz/vacancies,green_verified,SOE | Revenue | vacancies page,true,pending,Tanzania,SOE
Bank of Tanzania,,https://www.bot.go.tz/CareerOpportunities,green_verified,SOE | Central bank | careers page,true,pending,Tanzania,SOE
TANROADS,,https://www.tanroads.go.tz/vacancy,green_verified,SOE | Roads | live vacancies,true,pending,Tanzania,SOE
Tanzania Communications Regulatory Authority (TCRA),,https://www.tcra.go.tz/careers,green_verified,SOE | Comms regulator | careers list,true,pending,Tanzania,SOE
National Housing Corporation (NHC),,https://ajira.nhc.co.tz/,green_verified,SOE | Housing | recruitment portal,true,pending,Tanzania,SOE
Air Tanzania (ATCL),,https://www.airtanzania.co.tz/careers,green_verified,SOE | Airline | careers page,true,pending,Tanzania,SOE
CRDB Bank,,https://www.crdbbank.co.tz/en/about-us/careers,green_verified,SOE | Banking govt stake | careers page,true,pending,Tanzania,SOE
NMB Bank,,https://www.nmbbank.co.tz/careers/job-search,green_verified,SOE | Banking govt stake | job search,true,pending,Tanzania,SOE
Tanzania Telecommunications (TTCL),,https://www.ttcl.com/en/careers,green_verified,SOE | Telecoms | careers page,true,pending,Tanzania,SOE
University of Dar es Salaam (UDSM),,https://www.udsm.ac.tz/announcement/academic-vacancies,green_verified,SOE | University | vacancies page,true,pending,Tanzania,SOE
Sokoine University of Agriculture (SUA),,https://www.sua.ac.tz/jobs,green_verified,SOE | University | jobs page,true,pending,Tanzania,SOE
TANESCO,,https://www.ajira.go.tz/,amber_company_route,SOE | Power utility | recruits via Ajira portal,true,pending,Tanzania,SOE
Tanzania Ports Authority (TPA),,https://www.ajira.go.tz/,amber_company_route,SOE | Ports | recruits via Ajira portal,true,pending,Tanzania,SOE
Tanzania Petroleum Development Corporation (TPDC),,https://tpdc.co.tz/job-vacancies/,amber_company_route,SOE | Petroleum | vacancies page,true,pending,Tanzania,SOE
National Social Security Fund (NSSF),,https://www.nssf.or.tz/index.php/careers,amber_company_route,SOE | Social security | careers page,true,pending,Tanzania,SOE
Banco Nacional de Angola (BNA),,https://recrutamento.bna.ao/,green_verified,SOE | Central bank | recruitment portal,true,pending,Angola,SOE
Unitel,,https://oportunidadesdecarreira.unitel.ao/viewalljobs/,green_verified,SOE | Telecoms part-state | jobs portal,true,pending,Angola,SOE
Rede Nacional de Transporte (RNT),,https://www.rnt.co.ao/carreiras/,green_verified,SOE | Electricity transmission | careers page,true,pending,Angola,SOE
Caminho de Ferro de Luanda (CFL),,https://cflep.co.ao/career/,green_verified,SOE | Rail | careers page,true,pending,Angola,SOE
Sonangol,,https://www.sonangol.co.ao/recepcao-de-pedidos-de-emprego-e-estagios/,amber_company_route,SOE | Oil and gas | spontaneous applications,true,pending,Angola,SOE
Empresa Nacional de Diamantes (ENDIAMA),,https://www.endiama.co.ao/capital-humano,amber_company_route,SOE | Diamonds | human capital page,true,pending,Angola,SOE
Empresa Nacional de Seguros (ENSA),,https://www.ensa.co.ao/capital-humano.php,amber_company_route,SOE | Insurance | human capital page,true,pending,Angola,SOE
Empresa Nacional de Distribuicao de Electricidade (ENDE),,,grey_none_verified,SOE | Electricity distribution | no verified careers page,false,pending,Angola,SOE
TAAG Angola Airlines,,,grey_none_verified,SOE | Airline | no verified careers page,false,pending,Angola,SOE
Banco de Poupanca e Credito (BPC),,,grey_none_verified,SOE | Banking | no verified careers page,false,pending,Angola,SOE
Empresa Publica de Aguas de Luanda (EPAL),,,grey_none_verified,SOE | Water | no verified careers page,false,pending,Angola,SOE
Central Electricity Board (CEB),,https://ceb.mu/vacancies,green_verified,SOE | Electricity | vacancies page,true,pending,Mauritius,SOE
Central Water Authority (CWA),,https://cwa.govmu.org/cwa/?page_id=2106,green_verified,SOE | Water | vacancies page,true,pending,Mauritius,SOE
Wastewater Management Authority (WMA),,https://www.wmamauritius.mu/careers/,green_verified,SOE | Wastewater | careers page,true,pending,Mauritius,SOE
Mauritius Post,,https://www.mauritiuspost.mu/careers/,green_verified,SOE | Postal | careers page,true,pending,Mauritius,SOE
Air Mauritius,,https://www.airmauritius.com/en-mu/footer/careers,green_verified,SOE | Airline | careers page,true,pending,Mauritius,SOE
Airports of Mauritius (AML),,https://aml.mru.aero/index.php/corporate/careers,green_verified,SOE | Airports | vacancies list,true,pending,Mauritius,SOE
Mauritius Ports Authority (MPA),,https://www.mauport.com/vacancies/,green_verified,SOE | Ports | vacancies page,true,pending,Mauritius,SOE
Development Bank of Mauritius (DBM),,https://www.dbm.mu/careers/,green_verified,SOE | Development bank | careers page,true,pending,Mauritius,SOE
National Transport Corporation (NTC),,https://www.buscnt.mu/jobs/,green_verified,SOE | Transport | jobs page,true,pending,Mauritius,SOE
Mauritius Revenue Authority (MRA),,https://eservices.mra.mu/career/MRAcareers.html,green_verified,SOE | Revenue | careers page,true,pending,Mauritius,SOE
State Insurance Company of Mauritius (SICOM),,https://www.sicom.mu/about/about-sicom/career-at-sicom,green_verified,SOE | Insurance | careers page,true,pending,Mauritius,SOE
University of Technology Mauritius (UTM),,https://www.utm.ac.mu/vacancy/,green_verified,SOE | University | vacancies page,true,pending,Mauritius,SOE
Economic Development Board (EDB),,https://edbmauritius.org/vacancy,green_verified,SOE | Investment promotion | vacancy page,true,pending,Mauritius,SOE
Mauritius Housing Company (MHC),,https://mhc.mu/career,green_verified,SOE | Housing finance | careers page,true,pending,Mauritius,SOE
Landscope Mauritius,,https://landscopemauritius.com/careers/,green_verified,SOE | Property | careers page,true,pending,Mauritius,SOE
Human Resource Development Council (HRDC),,https://www.hrdc.mu/index.php/vacancies,green_verified,SOE | Skills development | vacancies page,true,pending,Mauritius,SOE
Financial Services Commission (FSC),,https://www.fscmauritius.org/about-us/careers,green_verified,SOE | Financial regulator | careers page,true,pending,Mauritius,SOE
Mauritius Telecom,,https://careers.telecom.mu/,amber_company_route,SOE | Telecoms | careers portal,true,pending,Mauritius,SOE
Cargo Handling Corporation (CHCL),,https://www.chcl.mu/vacancies/,amber_company_route,SOE | Cargo handling | vacancies page,true,pending,Mauritius,SOE
Bank of Mauritius,,https://www.bom.mu/vacancies,amber_company_route,SOE | Central bank | vacancies page,true,pending,Mauritius,SOE
University of Mauritius (UoM),,https://uom.ac.mu/index.php?id=86,amber_company_route,SOE | University | vacancies page,true,pending,Mauritius,SOE
Mauritius Institute of Training and Development (MITD),,https://www.mitd.mu/applynow/home,amber_company_route,SOE | Training | application portal,true,pending,Mauritius,SOE
Public Service Commission (PSC),,https://psc.govmu.org/psc/,amber_company_route,SOE | Central civil-service recruiter,true,pending,Mauritius,SOE
State Bank of Mauritius (SBM),,,grey_none_verified,SOE | Banking govt stake | no single careers page,false,pending,Mauritius,SOE
ESCOM,,https://www.escom.mw/vacancies/,green_verified,SOE | Electricity | vacancies section,true,pending,Malawi,SOE
EGENCO,,https://www.egenco.mw/adverts/,green_verified,SOE | Power generation | advert listings,true,pending,Malawi,SOE
Malawi Revenue Authority (MRA),,https://careers.mra.mw/search/,green_verified,SOE | Revenue | ATS careers portal,true,pending,Malawi,SOE
Reserve Bank of Malawi (RBM),,https://www.rbm.mw/mediacenter/vacancies/,green_verified,SOE | Central bank | vacancies page,true,pending,Malawi,SOE
Malawi Telecommunications (MTL),,https://www.mtl.mw/careers/,green_verified,SOE | Telecoms | careers page,true,pending,Malawi,SOE
Malawi Posts Corporation,,https://www.malawipost.post/careers/,green_verified,SOE | Postal | careers page,true,pending,Malawi,SOE
Airport Developments Limited (Malawi Airports),,https://adlmw.com/careers/,green_verified,SOE | Airports | live vacancies,true,pending,Malawi,SOE
Malawi Broadcasting Corporation (MBC),,http://mbc.mw/vacancies/,green_verified,SOE | Broadcasting | vacancies page,true,pending,Malawi,SOE
Lilongwe Water Board (LWB),,https://www.lwb.mw/index.php/opportunities/,green_verified,SOE | Water | opportunities page,true,pending,Malawi,SOE
Central Region Water Board (CRWB),,https://www.crwb.org.mw/vacancies.php?thread=Vacancies,green_verified,SOE | Water | vacancies list,true,pending,Malawi,SOE
Northern Region Water Board (NRWB),,https://www.nrwb.org.mw/?page_id=1383,green_verified,SOE | Water | vacancies page,true,pending,Malawi,SOE
Southern Region Water Board (SRWB),,https://srwb.mw/category/vacancies/,green_verified,SOE | Water | vacancies category,true,pending,Malawi,SOE
Roads Authority (RA),,https://www.ra.org.mw/category/vacancies/,green_verified,SOE | Roads | live vacancies,true,pending,Malawi,SOE
Roads Fund Administration (RFA),,https://rfamw.com/index.php/careers/,green_verified,SOE | Road funding | careers page,true,pending,Malawi,SOE
Malawi Bureau of Standards (MBS),,https://mbsmw.org/vacancies/,green_verified,SOE | Standards | vacancies page,true,pending,Malawi,SOE
Malawi Gaming and Lotteries Authority (MAGLA),,https://magla.org.mw/vacancies/,green_verified,SOE | Gaming regulator | vacancies page,true,pending,Malawi,SOE
University of Malawi (UNIMA),,https://www.unima.ac.mw/vacancies,green_verified,SOE | University | vacancies page,true,pending,Malawi,SOE
Malawi University of Business and Applied Sciences (MUBAS),,https://www.mubas.ac.mw/vacancies,green_verified,SOE | University | vacancies page,true,pending,Malawi,SOE
LUANAR,,https://www.luanar.ac.mw/luanar/vacancies.php,green_verified,SOE | University | live vacancies,true,pending,Malawi,SOE
Smallholder Farmers Fertilizer Revolving Fund (SFFRFM),,https://sffrfm.org/?v=careers,green_verified,SOE | Agriculture | careers page,true,pending,Malawi,SOE
Agricultural Development and Marketing Corporation (ADMARC),,https://admarc.co.mw/opportunities/careers/,amber_company_route,SOE | Agriculture marketing | careers page,true,pending,Malawi,SOE
National Oil Company of Malawi (NOCMA),,https://www.nocma.mw/careers/,amber_company_route,SOE | Petroleum | careers page,true,pending,Malawi,SOE
MACRA,,https://macra.mw/vacancies-2/,amber_company_route,SOE | Comms regulator | vacancies page,true,pending,Malawi,SOE
Blantyre Water Board (BWB),,https://www.bwb.mw/OnlineApplicationsInnovation.php,amber_company_route,SOE | Water | online applications portal,true,pending,Malawi,SOE
Malawi Housing Corporation (MHC),,https://www.mhc.mw/,amber_company_route,SOE | Housing | vacancies nav section,true,pending,Malawi,SOE
Nando's South Africa,,https://www.scubedonline.co.za/recruitment_nandos/vacancy-posting.aspx,green_verified,"Food & Beverage (QSR) · HQ Johannesburg. Private, family-owned (Nando's Group Holdings); never JSE-listed. 8 live vacancies seen on fetch (Shift Lead, Restaurant Manager, etc.).",true,pending,South Africa,Private
Heineken Beverages South Africa,,https://careers.theheinekencompany.com/HEINEKEN-Beverages,green_verified,"Food & Beverage (Alcohol/Beverages) · HQ Stellenbosch. Formerly JSE-listed Distell; acquired/merged into Heineken (Euronext Amsterdam) 2023-24, delisted from JSE. 5 live vacancies seen on fetch (Sales Rep, Driver, Maintenance Planner).",true,pending,South Africa,Private
PepsiCo South Africa (Pioneer Foods),,https://www.pnet.co.za/jobs/pepsico,green_verified,"FMCG / Food & Beverage · HQ Tygervalley, Cape Town. Pioneer Foods delisted from JSE after PepsiCo (NASDAQ) acquisition 2020; now private PepsiCo subsidiary. ~25 live vacancies seen on fetch across multiple SA cities.",true,pending,South Africa,Private
Unilever South Africa,,https://careers.unilever.com/en/south-africa,green_verified,"FMCG · HQ Durban. Private subsidiary of Unilever PLC (LSE/Euronext-listed abroad, not JSE). 3 live vacancies seen on fetch.",true,pending,South Africa,Private
Massmart Holdings (Makro / Game / Builders Warehouse),,https://www.massmart.co.za/careers/,grey_none_verified,"Retail · HQ Sunninghill, Johannesburg. Delisted from JSE 2022-23 after Walmart bought out minorities; now wholly Walmart-owned, private. Official careers page 404'd on fetch; Pnet shows only mixed agency listings.",false,pending,South Africa,Private
Coca-Cola Beverages Africa / CCBSA,,https://careers.coca-colacompany.com/?store_id=South%20Africa,green_verified,"Food & Beverage (Beverages) · HQ Bryanston, Johannesburg. Private (owned by Coca-Cola Co., Gutsche Family Investments, AB InBev consortium); not JSE-listed. Large list of SA vacancies seen (Maintenance Technician, SHEQ Specialist, etc.) via job-board employer page.",true,pending,South Africa,Private
SAB (South African Breweries),,https://wd1.myworkdaysite.com/recruiting/abinbev/SAB,grey_none_verified,"Food & Beverage (Alcohol) · HQ Sandton, Johannesburg. Wholly-owned subsidiary of AB InBev (Euronext/NYSE-listed), not JSE. Page links to a Workday portal that did not render listings on fetch.",false,pending,South Africa,Private
Clover SA,,https://www.clover.co.za/about/careers/,grey_none_verified,"FMCG / Food & Beverage (Dairy) · HQ Roodepoort, Johannesburg. Delisted from JSE 2019 after Milco Consortium buyout; now private. Careers24 mirror stated no open positions advertised.",false,pending,South Africa,Private
Ocean Basket,,https://my.wamly.io/careers/oceanbasket-restaurant?sort=%5B%7B%22method%22%3A%22desc%22%2C%22sortField%22%3A%22startDate%22%7D%5D,grey_none_verified,"Food & Beverage (QSR/Restaurant) · HQ Fourways, Johannesburg. Privately held SA-founded restaurant chain; not JSE-listed. Blocked by robots.txt; job boards returned no genuine matches.",false,pending,South Africa,Private
Chicken Licken,,No working link found,grey_none_verified,Food & Beverage (QSR) · HQ Johannesburg. Privately held SA fast-food chain; not JSE-listed. No genuine direct vacancy listing located.,false,pending,South Africa,Private
Cambridge Food (Masscash),,https://www.cambridgefood.co.za/careers/working-at-masscash/,grey_none_verified,"Retail (Grocery) · HQ Johannesburg. Division of Massmart's Masscash unit — private, Walmart-owned. Page describes a cadetship programme only, no vacancy list.",false,pending,South Africa,Private
Kellanova South Africa (Kellogg's),,https://jobs.kellanova.com/,grey_none_verified,"FMCG / Food & Beverage · HQ Bryanston, Johannesburg. Private subsidiary of Kellanova (NYSE-listed abroad), not JSE. Requires JS-driven search; no SA results surfaced on fetch.",false,pending,South Africa,Private
Procter & Gamble South Africa,,https://www.pgcareers.com/global/en/search-results,grey_none_verified,"FMCG · HQ Bryanston, Johannesburg. Private subsidiary of Procter & Gamble (NYSE-listed abroad), not JSE. Job search widget returned empty state on fetch.",false,pending,South Africa,Private
Food Lover's Market / Fruit & Veg City,,No working link found,grey_none_verified,"Retail (Grocery) · HQ Sandton, Johannesburg. Privately/family-owned (Ben-Zeev family); not JSE-listed. Site repeatedly blocked fetch (robots.txt).",false,pending,South Africa,Private
NWK Limited,,https://www.myjobmag.co.za/jobs-at/nwk,green_verified,"Agriculture (grain/agri-services) · HQ Lichtenburg. Farmer-owned agricultural company, not JSE-listed. 56 vacancies listed incl. Project Leader, Group CFO.",true,pending,South Africa,Private
VKB Group (VKB Landbou),,https://www.myjobmag.co.za/jobs-at/vkb-group,green_verified,"Agriculture (grain/milling co-op) · HQ Reitz. Member/farmer-owned agricultural group, not JSE-listed. Jobs listed incl. Input Trade Marketer, Financial Accountant.",true,pending,South Africa,Private
BKB Ltd,,https://www.myjobmag.co.za/jobs-at/bkb-ltd,green_verified,"Agriculture (wool/livestock/agri-services) · HQ Gqeberha (Port Elizabeth). Majority owned by BKB Empowerment Trust and farmer/producer shareholders, not JSE-listed. 421 vacancies listed incl. Trainee Wool Technician, Procurement Manager.",true,pending,South Africa,Private
Assmang Limited (Assore),,https://www.myjobmag.co.za/jobs-at/assmang-limited,green_verified,"Mining (iron ore, manganese, chrome) · HQ Johannesburg. Assore Ltd delisted from JSE 2020 (Sacco family-controlled, private); Assmang is Assore's 50/50 JV with JSE-listed ARM. 14 vacancies listed incl. Superintendent Logistics, Fitter — note: JV partner ARM is JSE-listed.",true,pending,South Africa,Private
Volkswagen Group South Africa,,https://jobs.volkswagen-group.com/search/?searchby=location&createNewAlert=false&q=&locationsearch=south+africa&geolocation=&optionsFacetsDD_city=&optionsFacetsDD_facility=&optionsFacetsDD_department=&optionsFacetsDD_customfield2=&optionsFacetsDD_shifttype=&optionsFacetsDD_customfield3=,green_verified,"Manufacturing (automotive) · HQ Kariega (Uitenhage). Private subsidiary of Volkswagen AG (Frankfurt-listed), not JSE. 99 vacancies listed incl. Automation Engineer, Process Planning Engineer.",true,pending,South Africa,Private
Ford Motor Company of Southern Africa,,https://www.pnet.co.za/cmp/en/Ford-Motor-Company-of-South-Africa-Pty-LTD-18050/jobs#menu/,green_verified,"Manufacturing (automotive) · HQ Pretoria. Private subsidiary of Ford Motor Co. (NYSE-listed), not JSE. 230 vacancies listed incl. Senior Legal Counsel, Buyer.",true,pending,South Africa,Private
Mercedes-Benz South Africa,,https://jobs.mercedes-benz.com/en?PositionFormattedDescription.Content=,green_verified,"Manufacturing (automotive) · HQ East London. Private subsidiary of Mercedes-Benz Group AG (Frankfurt-listed), not JSE. 36 vacancies listed incl. Analytical Chemist, Credit Analyst.",true,pending,South Africa,Private
Toyota South Africa Motors,,https://jobs.toyota.co.za/go/PROFESSIONAL-JOBS/4077701/,green_verified,"Manufacturing (automotive) · HQ Durban (Prospecton). Private subsidiary of Toyota Motor Corp (Tokyo-listed), not JSE. 4 roles listed incl. Principal Engineer, Contractor Manager.",true,pending,South Africa,Private
Isuzu Motors South Africa,,https://isuzu.breezy.hr/,green_verified,"Manufacturing (automotive) · HQ Gqeberha (Port Elizabeth). Private subsidiary of Isuzu Motors Ltd (Tokyo-listed), not JSE. Area Manager, Project Engineer roles listed.",true,pending,South Africa,Private
Richards Bay Minerals,,https://www.riotinto.com/en/careers/available-jobs,green_verified,"Mining (heavy mineral sands) · HQ Richards Bay. Subsidiary of Rio Tinto (LSE/ASX-listed) plus BEE partners, not JSE-listed. 121 vacancies listed incl. RBM Graduate Programme, Engineering Manager.",true,pending,South Africa,Private
Karan Beef,,https://www.pnet.co.za/cmp/en/karan-beef-59444/jobs/agriculture?page=1,green_verified,"Agriculture (beef feedlot) · HQ Heidelberg, Gauteng. Privately held, Karan family-owned, not JSE-listed. 3 roles listed: Feedmill Manager, Electrician, Diesel Mechanic.",true,pending,South Africa,Private
ZZ2 (Bertie van Zyl (Pty) Ltd),,https://recruit.zz2.co.za/vacancies,grey_none_verified,"Agriculture (tomatoes/produce) · HQ Mooketsi, Limpopo. Privately held, van Zyl family-owned, not JSE-listed. Portal exists but showed zero current openings.",false,pending,South Africa,Private
Suidwes Landbou Beperk,,No working link found,grey_none_verified,"Agriculture (grain co-op) · HQ Lichtenburg. Farmer-owned agricultural cooperative, not JSE-listed. Pnet company page returned no matches.",false,pending,South Africa,Private
Overberg Agri,,No working link found,grey_none_verified,"Agriculture (grain/wine co-op) · HQ Caledon. Farmer-owned agricultural cooperative, not JSE-listed. Indeed company page stated no open jobs.",false,pending,South Africa,Private
AfriSam (South Africa) (Pty) Ltd,,https://afrisamjobs.mcidirecthire.com/Vacancy,grey_none_verified,"Manufacturing (cement) · HQ Roodepoort. Private, owned by Pembani Remgro Infrastructure Fund + other shareholders; not JSE-listed. No listings render without an active search query.",false,pending,South Africa,Private
Samancor Chrome,,https://samancorcr.com/careers/latest-vacancies/,grey_none_verified,"Mining (ferrochrome) · HQ Johannesburg. Privately held (Genesis-led consortium and other private shareholders), not JSE-listed. Only filters shown, no vacancies rendered directly.",false,pending,South Africa,Private
Nissan South Africa,,https://www.careers24.com/now-hiring/961-nissan-south-africa,grey_none_verified,"Manufacturing (automotive) · HQ Rosslyn, Pretoria. Private subsidiary of Nissan Motor Co. (Tokyo-listed), not JSE. Page states no positions advertised.",false,pending,South Africa,Private
King Price Insurance,,https://blog.kingprice.co.za/careers/,green_verified,"Insurance · HQ Pretoria. Private, independent; never JSE-listed. Live posting seen: Motion Designer, Pretoria.",true,pending,South Africa,Private
Old Mutual Insure,,https://www.pnet.co.za/cmp/en/old-mutual-insure-69415/jobs,green_verified,Insurance (short-term) · HQ Johannesburg (Parktown). Wholly-owned private subsidiary of JSE-listed Old Mutual Limited; not separately listed. 9 jobs listed incl. Risk & Compliance Specialist.,true,pending,South Africa,Private
MiWay Insurance,,https://www.pnet.co.za/cmp/en/miway-insurance-77763/jobs,green_verified,"Insurance (direct/short-term) · HQ Johannesburg (Kosmosdal). Wholly-owned private subsidiary of Santam/Sanlam (JSE-listed parent); not separately listed. 3 live postings across Gauteng, Western Cape, KZN.",true,pending,South Africa,Private
Bidvest Bank,,https://builtin.com/company/bidvest-bank/jobs,green_verified,"Banking · HQ Johannesburg (Sandton). Wholly-owned private subsidiary of The Bidvest Group (JSE-listed parent); not separately listed. 6 live roles listed incl. Compliance Manager, Credit Risk Manager.",true,pending,South Africa,Private
Bryte Insurance Company,,https://www.brytesa.com/careers,green_verified,"Insurance (commercial/specialty) · HQ Johannesburg. Majority owned by Fairfax Financial Holdings (Canada); formerly Zurich Insurance SA; not JSE-listed. Live postings: Underwriter, Marine Portfolio Manager, BDM.",true,pending,South Africa,Private
Discovery Bank,,https://careers.discovery.co.za/go/All-Jobs/4509301/,green_verified,Banking · HQ Sandton. Wholly-owned subsidiary of JSE-listed Discovery Limited; bank itself not separately listed. 77 open roles across Discovery Group incl. Bank-tagged roles; not Bank-only feed.,true,pending,South Africa,Private
Hollard Insurance Group,,https://www.hollard.co.za/our-world/careers/available-jobs,grey_none_verified,"Insurance · HQ Johannesburg. Fully private, Enthoven family-owned; never JSE-listed. Titled 'Available Jobs' but no titles rendered on fetch.",false,pending,South Africa,Private
"Telesure Investment Holdings (Auto & General, Budget, Dial Direct, 1st for Women)",,https://tihsa.co.za/careers/join-us/,grey_none_verified,Insurance/Fintech · HQ Johannesburg (Fourways). Fully private; not JSE-listed. Careers24 profile stated no open positions.,false,pending,South Africa,Private
African Bank Limited,,https://www.africanbank.co.za/en/home/job-search/,grey_none_verified,"Banking · HQ Midrand. Recapitalised 2016; privately held by banking consortium (SARB/PIC hold minority stakes); not JSE-listed, not a designated SOE. All categories showed 0 open roles at fetch time.",false,pending,South Africa,Private
Mercantile Bank,,https://mercbank.applicantpro.com/jobs/,grey_none_verified,Banking · HQ Johannesburg. Wholly-owned private subsidiary of Capitec Bank Holdings (JSE-listed parent); not separately listed. ATS portal structure implies real openings but titles not rendered on fetch.,false,pending,South Africa,Private
Bank Zero,,https://www.bankzero.co.za/join-us/,grey_none_verified,Banking (digital/mutual) · HQ Cape Town. Fully private challenger bank (founders incl. Michael Jordaan); not JSE-listed. No visible role listings; likely very small headcount.,false,pending,South Africa,Private
TymeBank,,https://tyme-bank.breezy.hr/,grey_none_verified,"Banking (digital) · HQ Cape Town. Fully private; backed by African Rainbow Capital, Tencent, Nubank; not JSE-listed. Page confirmed no positions currently posted.",false,pending,South Africa,Private
PPS (Professional Provident Society),,https://www.pps.co.za/careers,grey_none_verified,Insurance/Financial services · HQ Johannesburg. Member-owned mutual society (no shareholders); not JSE-listed. No job listings rendered on fetch.,false,pending,South Africa,Private
Liberty Group,,https://www.liberty.co.za/careers,grey_none_verified,"Insurance/Investments · HQ Johannesburg. Since 2022, wholly-owned private subsidiary of Standard Bank Group (delisted from JSE); not separately listed. Forwards to Standard Bank Group's group-wide portal, not an in-house list.",false,pending,South Africa,Private
Herotel,,https://herotel-5f74feffb7e1.breezy.hr/,green_verified,"Telecom (fixed wireless/fibre ISP) · HQ Cape Town. Privately held (PE/founder-backed); not JSE-listed. 80+ live listings seen (Field Sales Agent, Product Manager, Business Analyst, etc.).",true,pending,South Africa,Private
MetroFibre Networx,,https://careers.metrofibre.co.za/jobs,green_verified,Telecom (fibre network) · HQ Centurion. Privately held infrastructure company; not JSE-listed. 2 live listings with apply links.,true,pending,South Africa,Private
Takealot Group,,https://job-boards.greenhouse.io/takealotcom,green_verified,"Technology / E-commerce · HQ Cape Town. Naspers-owned but Takealot Group itself is an unlisted private subsidiary. 65 live listings seen (Engineering Manager, ML Engineer, Product Manager).",true,pending,South Africa,Private
BBD (Pty) Ltd,,https://bbdsoftware.com/open-positions/,green_verified,"Technology (software development) · HQ Johannesburg. Privately held SA software house; not JSE-listed. Live listings: Graduate Programme, Java Engineer, Platform Engineer.",true,pending,South Africa,Private
Microsoft South Africa,,https://careers.microsoft.com/professionals/us/en/l-johannesburg,green_verified,Technology · HQ Johannesburg. Private subsidiary of NASDAQ-listed Microsoft Corp; not JSE-listed. Live listings for Johannesburg seen on fetch.,true,pending,South Africa,Private
SEACOM,,https://seacom.com/careers,green_verified,Telecom (pan-African fibre/connectivity) · HQ Johannesburg. Privately held (Convergence Partners-linked); not JSE-listed. 1 live SA listing (Assistant Accountant) with full description.,true,pending,South Africa,Private
Media24,,https://media24.simplify.hr/,grey_none_verified,"Media (publishing/print/digital) · HQ Cape Town. Naspers subsidiary, itself unlisted. 'Show all available jobs' button did not render listings on fetch.",false,pending,South Africa,Private
eMedia Investments (e.tv / eNCA),,https://etv.mcidirecthire.com/external/currentopportunities,grey_none_verified,Media (broadcast) · HQ Johannesburg. Privately held SA broadcaster; not JSE-listed. Requires active search filter to show listings.,false,pending,South Africa,Private
"Arena Holdings (Sunday Times, Business Day, TimesLIVE)",,https://www.sundaytimes.timeslive.co.za/business/careers/,grey_none_verified,"Media (publishing) · HQ Johannesburg. Privately held (HCI/Tiso Blackstar successor); not JSE-listed. Career-advice content, not open roles.",false,pending,South Africa,Private
"Primedia (947, 702, CapeTalk, Kfm)",,https://www.primediaplus.com/station/947/general/careers,grey_none_verified,"Media (broadcast/radio) · HQ Johannesburg. Privately held SA media group; not JSE-listed. Only SEO metadata returned on fetch, no visible listings.",false,pending,South Africa,Private
Liquid Intelligent Technologies SA,,https://liquid.tech/careers/,grey_none_verified,"Telecom/Technology · HQ Johannesburg. Private subsidiary of Liquid Telecom (Econet Group, Zimbabwe); not JSE-listed. Generic landing page; SA-specific listing URL unresolved.",false,pending,South Africa,Private
BET Software / Betway Africa,,https://myhcm.wd3.myworkdayjobs.com/Betway_Africa,grey_none_verified,"Technology (betting/gaming software) · HQ Stellenbosch. Privately held SA tech company (Bayton Group/Betfred-linked); not JSE-listed. Workday portal, no listings visible on fetch.",false,pending,South Africa,Private
Digital Solutions Group (DSG),,https://dsg.co.za/careers,grey_none_verified,Technology (CX/digital services) · HQ Johannesburg (Parkhurst). Privately held SA enterprise digital partner; not JSE-listed. Page states no specific roles listed.,false,pending,South Africa,Private
Rain,,https://rain.co.za/careers,grey_none_verified,"Telecom (mobile/5G network operator) · HQ Johannesburg. Privately held (investor group incl. Michael Jordaan-linked backers); not JSE-listed. Lists broad categories, not specific open roles.",false,pending,South Africa,Private
Vox Telecom,,https://www.vox.co.za/careers/,grey_none_verified,Telecom/ISP · HQ Johannesburg. Delisted from JSE; now privately held (backed by Community Investment Holdings). Landing page only.,false,pending,South Africa,Private
NTT South Africa (Dimension Data),,https://careers.services.global.ntt/,grey_none_verified,"Technology/Telecom (IT services) · HQ Johannesburg. Wholly private subsidiary of Japan's NTT Corp since 2018 JSE delisting. Global portal, SA filter did not render on fetch.",false,pending,South Africa,Private
Amazon South Africa,,https://www.amazon.jobs/en/search?base_query=&loc_query=South+Africa&country=ZAF,grey_none_verified,Technology (cloud/e-commerce) · HQ Cape Town. Private subsidiary of NASDAQ-listed Amazon.com; not JSE-listed. Structurally correct but no listing content rendered on fetch.,false,pending,South Africa,Private
Meta South Africa,,https://www.metacareers.com/locations/johannesburg,grey_none_verified,Technology · HQ Johannesburg. Private subsidiary of NASDAQ-listed Meta Platforms; not JSE-listed. Only metadata returned on fetch.,false,pending,South Africa,Private
Google South Africa,,https://www.google.com/about/careers/applications/jobs/results/?company=Google&hl=en&jlo=en-US&location=Johannesburg%2C+South+Africa,green_verified,Technology · HQ Johannesburg. Private subsidiary of NASDAQ-listed Alphabet; not JSE-listed. Search page works directly but returned 0 matches at time of check.,true,pending,South Africa,Private
ACTOM (Pty) Ltd,,https://www.actom.co.za/Career/JobListings.aspx,green_verified,"Engineering (electrical) · HQ Johannesburg (Kew). Privately held (Southern Palace Group/management-owned); largest electrical engineering group in Africa; not JSE-listed. 4 live roles seen incl. Construction Manager, Stores Supervisor.",true,pending,South Africa,Private
Concor (Pty) Ltd,,https://careers.concor.co.za/,green_verified,Construction/Engineering · HQ Johannesburg. Private — acquired from Murray & Roberts by Southern Palace Group-led consortium 2022; not JSE-listed. 2 live roles seen with 'View more Jobs' link.,true,pending,South Africa,Private
Power Construction (Power Group),,https://powergrp.simplify.hr/embed/positions,green_verified,Construction · HQ Cape Town (Blackheath). Privately held Cape Town construction/property group; not JSE-listed. 4 live roles seen incl. Construction Manager – Civils/Roads.,true,pending,South Africa,Private
Motheo Construction Group,,https://motheogroup.co.za/careers/,grey_none_verified,"Construction · HQ Bloemfontein. Private, black-owned construction group; not JSE-listed. Listings shown had 2023 closing dates alongside a 'no positions' notice.",false,pending,South Africa,Private
Imperial Logistics (a DP World company),,https://www.imperiallogistics.com/opportunitiesAsAfrica.php,grey_none_verified,"Logistics · HQ Bryanston, Johannesburg. Taken private by DP World 2022 (~R12.7bn acquisition, delisted from JSE). Page states portal is being upgraded; directs to LinkedIn for select vacancies.",false,pending,South Africa,Private
GIBB (Pty) Ltd,,https://gibb.jb.skillsmapafrica.com/,grey_none_verified,"Engineering (consulting) · HQ Midrand, Johannesburg. Private, 73% Black-owned multidisciplinary engineering consultancy; not JSE-listed. Target unreachable; Careers24 mirror stated no open positions.",false,pending,South Africa,Private
Value Logistics,,No working link found,grey_none_verified,Logistics · HQ Johannesburg. Privately held SA supply-chain/logistics provider; not JSE-listed. No working direct careers page located.,false,pending,South Africa,Private
Unitrans Supply Chain Solutions,,https://www.unitransafrica.com/careers/,grey_none_verified,"Logistics · HQ Johannesburg. Privately held logistics operator; not JSE-listed. Generic recruitment landing page, no titled list.",false,pending,South Africa,Private
BMW Group South Africa,,https://www.bmwgroup.jobs/za/en/location/plant-rosslyn.html,grey_none_verified,Manufacturing (automotive) · HQ Rosslyn/Midrand. Private subsidiary of BMW AG (Frankfurt-listed); not JSE-listed. Filtered search returned no results at time of check.,false,pending,South Africa,Private
Deloitte Southern Africa,,https://careers.smartrecruiters.com/Deloitte6/southern-africa,green_verified,"Professional services (audit/consulting) · HQ Midrand, Johannesburg. Private partnership (member firm of Deloitte global network); not JSE-listed. ~23 live openings seen grouped by SA location.",true,pending,South Africa,Private
Mediclinic Southern Africa,,https://careers.mediclinic.com/SouthernAfrica/go/Search-By-Keyword-MCSA/5071601/,green_verified,"Private healthcare · HQ Stellenbosch. Taken private 2022 by Remgro/MSC Mediterranean Shipping Company consortium (was JSE-listed as Mediclinic International). 91 jobs listed incl. Pharmacist, Payroll Operations Manager.",true,pending,South Africa,Private
Bowmans (law firm),,https://bowmanslaw.com/career-opportunities/,green_verified,"Professional services (law) · HQ Sandton, Johannesburg. Private partnership, Africa's largest law firm; not JSE-listed. Live SA roles seen (Accounts Payable Supervisor, IT Specialist).",true,pending,South Africa,Private
Cliffe Dekker Hofmeyr (CDH),,https://cdh.breezy.hr/,green_verified,"Professional services (law) · HQ Sandton, Johannesburg. Private partnership; not JSE-listed. Live roles with SA locations seen (IT Technician, BDM).",true,pending,South Africa,Private
PwC South Africa,,https://www.pwc.co.za/en/careers/regional-job-search/results.html,grey_none_verified,"Professional services (audit/consulting) · HQ Sunninghill, Johannesburg. Private partnership; not JSE-listed. Static fetch showed no results; likely populated in a real browser.",false,pending,South Africa,Private
EY South Africa,,https://www.ey.com/en_za/careers/job-search,grey_none_verified,"Professional services (audit/consulting) · HQ Sandton, Johannesburg. Private partnership; not JSE-listed. Links out to careers.ey.com, no titles rendered on fetch.",false,pending,South Africa,Private
KPMG South Africa,,https://kpmgza.taleo.net/careersection/kpmg_graduate/jobsearch.ftl?lang=en&portal=10205020166,grey_none_verified,"Professional services (audit/consulting) · HQ Parktown, Johannesburg. Private partnership; not JSE-listed. Default Taleo search returned no matches.",false,pending,South Africa,Private
McKinsey & Company South Africa,,https://www.mckinsey.com/careers/search-jobs?cities=Johannesburg,grey_none_verified,Professional services (consulting) · HQ Johannesburg. Private partnership; not JSE-listed. Empty body on static fetch.,false,pending,South Africa,Private
Bain & Company South Africa,,https://careers.bain.com/jobs?search=&location=South+Africa,grey_none_verified,"Professional services (consulting) · HQ Johannesburg. Private partnership; not JSE-listed. Returned global results, not SA-specific.",false,pending,South Africa,Private
Boston Consulting Group South Africa,,https://careers.bcg.com/global/en/locations/south-africa,grey_none_verified,Professional services (consulting) · HQ Johannesburg. Private partnership; not JSE-listed. No vacancy titles rendered on fetch.,false,pending,South Africa,Private
ENSafrica,,https://careers.ensafrica.com/careers,grey_none_verified,"Professional services (law) · HQ Sandton, Johannesburg. Private partnership, largest law firm in Africa; not JSE-listed. Requires portal login, no public listing.",false,pending,South Africa,Private
Webber Wentzel,,https://webberwentzel.wd3.myworkdayjobs.com/WW_EarlyCareers,grey_none_verified,"Professional services (law) · HQ Sandton, Johannesburg. Private partnership; not JSE-listed. Genuine Workday URL, content not rendered on static fetch.",false,pending,South Africa,Private
Werksmans Attorneys,,https://www.werksmans.com/careers/experienced-lawyers-vacancies/,grey_none_verified,"Professional services (law) · HQ Sandton, Johannesburg. Private partnership; not JSE-listed. Page stated 'Currently, there are no vacancies'.",false,pending,South Africa,Private
FlySafair (Safair Operations),,https://flysafairjobs.mcidirecthire.com/Vacancy,grey_none_verified,"Aviation · HQ Bonaero Park, Johannesburg. Privately held SA low-cost carrier; not JSE-listed. Category filters present but no listings rendered without a search.",false,pending,South Africa,Private
CemAir,,https://cemair.co.za/wp/careers/,grey_none_verified,"Aviation · HQ Midrand. Privately/family-owned regional airline; not JSE-listed. CV-submission by category, not an openings list.",false,pending,South Africa,Private
LIFT (Global Airways),,https://g-airways.com/job-openings/,grey_none_verified,"Aviation · HQ Kempton Park. Privately held (operated by Global Airways); not JSE-listed. Filters present, no titles rendered on fetch.",false,pending,South Africa,Private
South African Airlink,,https://www.flyairlink.com/careers,grey_none_verified,"Aviation · HQ Kempton Park. Privately owned (majority SA shareholders, Qatar Airways minority stake); not state-owned (distinct from SAA). Site protected by security challenge, blocked fetch.",false,pending,South Africa,Private
Melomed Private Hospital Group,,https://melomedjobs.mcidirecthire.com/Vacancy,grey_none_verified,Private healthcare · HQ Cape Town. Private hospital group; not JSE-listed. No listings render without active search.,false,pending,South Africa,Private
SNG Grant Thornton (South Africa),,https://www.grantthornton.co.za/careers/experienced-professionals/,grey_none_verified,Professional services (audit) · HQ Johannesburg. Private partnership; not JSE-listed. Links to external recruiter subdomain that could not be resolved.,false,pending,South Africa,Private
